symbol,channel,type,timestamp_received,timestamp_start,open,high,low,close,volume_base,volume_quote,price_change,price_change_pct,price_range,price_range_pct,candle_type,timeframe
ADAUSDT,candle5m,SPOT,2025-06-10 21:25:18.866988,2025-06-08 20:50:00,0.6747,0.6752,0.674,0.6748,15465.72,10435.3554676,9.999999999998899e-05,0.014821402104637466,0.0011999999999999789,0.17785682525566607,bullish,5m
ADAUSDT,candle5m,SPOT,2025-06-10 21:25:18.867004,2025-06-08 20:55:00,0.6748,0.6755,0.674,0.6755,20454.431,13801.7443797,0.0007000000000000339,0.10373443983402993,0.0014999999999999458,0.22228808535861674,bullish,5m
ADAUSDT,candle5m,SPOT,2025-06-10 21:25:18.867008,2025-06-08 21:00:00,0.6755,0.6782,0.6754,0.6781,49821.434,33712.5633691,0.0026000000000000467,0.3849000740192519,0.0028000000000000247,0.414507772020729,bullish,5m
ADAUSDT,candle5m,SPOT,2025-06-10 21:25:18.867011,2025-06-08 21:05:00,0.6781,0.6787,0.6771,0.6785,48297.35,32761.0460109,0.00039999999999995595,0.05898834980090782,0.0015999999999999348,0.23595339920364763,bullish,5m
ADAUSDT,candle5m,SPOT,2025-06-10 21:25:18.867013,2025-06-08 21:10:00,0.6785,0.6788,0.6768,0.6769,43920.105,29763.7920415,-0.0016000000000000458,-0.2358142962417164,0.0020000000000000018,0.29476787030213736,bearish,5m
ADAUSDT,candle5m,SPOT,2025-06-10 21:25:18.867016,2025-06-08 21:15:00,0.6769,0.6775,0.6759,0.6768,73606.871,49789.3461098,-9.999999999998899e-05,-0.014773230905597429,0.0016000000000000458,0.23637169448959167,bearish,5m
ADAUSDT,candle5m,SPOT,2025-06-10 21:25:18.867019,2025-06-08 21:20:00,0.6768,0.6773,0.6764,0.6772,51012.64,34529.2013886,0.00040000000000006697,0.059101654846345594,0.0009000000000000119,0.1329787234042571,bullish,5m
ADAUSDT,candle5m,SPOT,2025-06-10 21:25:18.867024,2025-06-08 21:25:00,0.6772,0.678,0.677,0.6778,27366.671,18544.5592619,0.0005999999999999339,0.08860011813348109,0.0010000000000000009,0.1476668635558182,bullish,5m
ADAUSDT,candle5m,SPOT,2025-06-10 21:25:18.867026,2025-06-08 21:30:00,0.6778,0.6779,0.677,0.6771,23122.179,15666.929227,-0.0006999999999999229,-0.10327530244908867,0.0008999999999999009,0.13278253172025686,bearish,5m
ADAUSDT,candle5m,SPOT,2025-06-10 21:25:18.867029,2025-06-08 21:35:00,0.6771,0.6771,0.6748,0.6749,23247.132,15704.504502,-0.0021999999999999797,-0.32491507901343664,0.0023000000000000798,0.3396839462413351,bearish,5m
ADAUSDT,candle5m,SPOT,2025-06-10 21:25:18.867032,2025-06-08 21:40:00,0.6749,0.6769,0.6749,0.6768,15446.841,10438.8021249,0.0018999999999999018,0.2815231886205218,0.0019999999999998908,0.2963401985479168,bullish,5m
ADAUSDT,candle5m,SPOT,2025-06-10 21:25:18.867035,2025-06-08 21:45:00,0.6768,0.677,0.6764,0.6764,27072.446,18317.6524402,-0.00039999999999995595,-0.05910165484632919,0.0006000000000000449,0.0886524822695102,bearish,5m
ADAUSDT,candle5m,SPOT,2025-06-10 21:25:18.867037,2025-06-08 21:50:00,0.6764,0.6776,0.6763,0.6775,31759.27,21493.5095077,0.0010999999999999899,0.16262566528681105,0.0012999999999999678,0.19219396806622824,bullish,5m
ADAUSDT,candle5m,SPOT,2025-06-10 21:25:18.867040,2025-06-08 21:55:00,0.6775,0.6778,0.6754,0.6757,29629.736,20039.8181787,-0.0018000000000000238,-0.2656826568265718,0.0023999999999999577,0.3542435424354181,bearish,5m
ADAUSDT,candle5m,SPOT,2025-06-10 21:25:18.867042,2025-06-08 22:00:00,0.6757,0.6761,0.6734,0.6734,38041.873,25655.5777468,-0.0022999999999999687,-0.3403877460411379,0.0027000000000000357,0.39958561491786826,bearish,5m
ADAUSDT,candle5m,SPOT,2025-06-10 21:25:18.867045,2025-06-08 22:05:00,0.6734,0.6744,0.6719,0.6722,70188.675,47259.109777,-0.0011999999999999789,-0.17820017820017506,0.0024999999999999467,0.3712503712503633,bearish,5m
ADAUSDT,candle5m,SPOT,2025-06-10 21:25:18.867047,2025-06-08 22:10:00,0.6722,0.6728,0.6711,0.6714,102944.534,69165.2565728,-0.0008000000000000229,-0.11901219875037532,0.0016999999999999238,0.252900922344529,bearish,5m
ADAUSDT,candle5m,SPOT,2025-06-10 21:25:18.867051,2025-06-08 22:15:00,0.6714,0.6722,0.6713,0.6717,123053.695,82667.8107062,0.00029999999999996696,0.044682752457546465,0.0009000000000000119,0.13404825737265594,bullish,5m
ADAUSDT,candle5m,SPOT,2025-06-10 21:25:18.867053,2025-06-08 22:20:00,0.6717,0.6723,0.6715,0.672,94261.264,63331.6758801,0.000300000000000078,0.04466279589103439,0.0008000000000000229,0.11910078904273083,bullish,5m
ADAUSDT,candle5m,SPOT,2025-06-10 21:25:18.867056,2025-06-08 22:25:00,0.672,0.6721,0.6702,0.6708,108315.854,72640.5214785,-0.0012000000000000899,-0.17857142857144195,0.0019000000000000128,0.2827380952380971,bearish,5m
ADAUSDT,candle5m,SPOT,2025-06-10 21:25:18.867058,2025-06-08 22:30:00,0.6708,0.671,0.6694,0.6708,39578.562,26534.8159109,0.0,0.0,0.0016000000000000458,0.23852116875373372,doji,5m
ADAUSDT,candle5m,SPOT,2025-06-10 21:25:18.867061,2025-06-08 22:35:00,0.6708,0.671,0.669,0.6694,43096.581,28851.4846416,-0.0013999999999999568,-0.2087060226595046,0.0020000000000000018,0.2981514609421589,bearish,5m
ADAUSDT,candle5m,SPOT,2025-06-10 21:25:18.867064,2025-06-08 22:40:00,0.6694,0.6708,0.6692,0.6707,125287.753,83943.8632044,0.0012999999999999678,0.19420376456527755,0.0015999999999999348,0.2390200179264916,bullish,5m
ADAUSDT,candle5m,SPOT,2025-06-10 21:25:18.867066,2025-06-08 22:45:00,0.6707,0.671,0.6691,0.6694,172777.518,115793.9949904,-0.0012999999999999678,-0.19382734456537468,0.0019000000000000128,0.2832861189801719,bearish,5m
ADAUSDT,candle5m,SPOT,2025-06-10 21:25:18.867068,2025-06-08 22:50:00,0.6694,0.6695,0.6684,0.6692,115072.11,76970.3336462,-0.00019999999999997797,-0.029877502240809376,0.0010999999999999899,0.16432626232446818,bearish,5m
ADAUSDT,candle5m,SPOT,2025-06-10 21:25:18.867071,2025-06-08 22:55:00,0.6692,0.6697,0.6691,0.6695,90694.209,60718.8711952,0.00029999999999996696,0.044829647340102655,0.0005999999999999339,0.08965929468020531,bullish,5m
ADAUSDT,candle5m,SPOT,2025-06-10 21:25:18.867073,2025-06-08 23:00:00,0.6695,0.6697,0.6681,0.6689,80730.726,53997.9486204,-0.0005999999999999339,-0.08961911874532247,0.0015999999999999348,0.23898431665420983,bearish,5m
ADAUSDT,candle5m,SPOT,2025-06-10 21:25:18.867076,2025-06-08 23:05:00,0.6689,0.6699,0.6679,0.6682,84740.253,56652.5212287,-0.0007000000000000339,-0.10464942442817071,0.0020000000000000018,0.29899835550904497,bearish,5m
ADAUSDT,candle5m,SPOT,2025-06-10 21:25:18.867078,2025-06-08 23:10:00,0.6682,0.6694,0.6676,0.6694,50166.063,33533.439729,0.0011999999999999789,0.17958695001496242,0.0018000000000000238,0.2693804250224519,bullish,5m
ADAUSDT,candle5m,SPOT,2025-06-10 21:25:18.867080,2025-06-08 23:15:00,0.6694,0.67,0.6687,0.6698,44179.524,29577.5261426,0.00039999999999995595,0.05975500448161875,0.0013000000000000789,0.19420376456529412,bullish,5m
ADAUSDT,candle5m,SPOT,2025-06-10 21:25:18.867083,2025-06-08 23:20:00,0.6698,0.6701,0.6676,0.6681,51799.413,34651.1372695,-0.0016999999999999238,-0.25380710659897343,0.0025000000000000577,0.37324574499851565,bearish,5m
ADAUSDT,candle5m,SPOT,2025-06-10 21:25:18.867085,2025-06-08 23:25:00,0.6681,0.6689,0.6679,0.6688,20034.57,13387.900412,0.0006999999999999229,0.10477473432119785,0.0010000000000000009,0.1496781918874421,bullish,5m
ADAUSDT,candle5m,SPOT,2025-06-10 21:25:18.867088,2025-06-08 23:30:00,0.6688,0.6696,0.6684,0.6691,33960.201,22725.677983,0.000300000000000078,0.0448564593301552,0.0011999999999999789,0.17942583732057102,bullish,5m
ADAUSDT,candle5m,SPOT,2025-06-10 21:25:18.867090,2025-06-08 23:35:00,0.6691,0.6696,0.6684,0.6687,13954.839,9335.2557997,-0.00040000000000006697,-0.05978179644299311,0.0011999999999999789,0.17934538932894617,bearish,5m
ADAUSDT,candle5m,SPOT,2025-06-10 21:25:18.867092,2025-06-08 23:40:00,0.6687,0.6693,0.6682,0.6691,12778.397,8546.7267608,0.00040000000000006697,0.05981755645282892,0.0010999999999999899,0.16449828024525048,bullish,5m
ADAUSDT,candle5m,SPOT,2025-06-10 21:25:18.867095,2025-06-08 23:45:00,0.6691,0.6699,0.669,0.6694,13615.021,9113.6058321,0.00029999999999996696,0.04483634733223239,0.0009000000000000119,0.1345090419967138,bullish,5m
ADAUSDT,candle5m,SPOT,2025-06-10 21:25:18.867098,2025-06-08 23:50:00,0.6694,0.6704,0.6689,0.6699,21433.315,14349.1040434,0.000500000000000056,0.07469375560204003,0.0014999999999999458,0.22408126680608692,bullish,5m
ADAUSDT,candle5m,SPOT,2025-06-10 21:25:18.867100,2025-06-08 23:55:00,0.6699,0.6704,0.6688,0.6702,12966.585,8684.1197737,0.00029999999999996696,0.04478280340348813,0.0016000000000000458,0.2388416181519698,bullish,5m
ADAUSDT,candle5m,SPOT,2025-06-10 21:25:18.867103,2025-06-09 00:00:00,0.6702,0.6718,0.6698,0.6717,18688.117,12535.3461757,0.0014999999999999458,0.22381378692926676,0.0020000000000000018,0.2984183825723667,bullish,5m
ADAUSDT,candle5m,SPOT,2025-06-10 21:25:18.867105,2025-06-09 00:05:00,0.6717,0.6719,0.6691,0.6701,27843.55,18674.2060827,-0.0015999999999999348,-0.23820157808544512,0.0028000000000000247,0.4168527616495496,bearish,5m
ADAUSDT,candle5m,SPOT,2025-06-10 21:25:18.867107,2025-06-09 00:10:00,0.6701,0.6709,0.6692,0.6696,62590.276,41939.8024916,-0.000500000000000056,-0.07461572899568064,0.0017000000000000348,0.25369347858529095,bearish,5m
ADAUSDT,candle5m,SPOT,2025-06-10 21:25:18.867110,2025-06-09 00:15:00,0.6696,0.6702,0.668,0.6682,69149.286,46258.1537282,-0.0013999999999999568,-0.20908004778971878,0.0021999999999999797,0.3285543608124223,bearish,5m
ADAUSDT,candle5m,SPOT,2025-06-10 21:25:18.867112,2025-06-09 00:20:00,0.6682,0.6688,0.6667,0.6683,45258.97,30211.5044833,9.999999999998899e-05,0.01496557916791215,0.0020999999999999908,0.31427716252618837,bullish,5m
ADAUSDT,candle5m,SPOT,2025-06-10 21:25:18.867115,2025-06-09 00:25:00,0.6683,0.6698,0.6671,0.6687,25334.499,16932.9762878,0.00039999999999995595,0.05985335926978243,0.0026999999999999247,0.40401017507106457,bullish,5m
ADAUSDT,candle5m,SPOT,2025-06-10 21:25:18.867117,2025-06-09 00:30:00,0.6687,0.67,0.668,0.6692,52606.035,35186.050382,0.000500000000000056,0.074771945566032,0.0020000000000000018,0.29908778226409477,bullish,5m
ADAUSDT,candle5m,SPOT,2025-06-10 21:25:18.867119,2025-06-09 00:35:00,0.6692,0.6698,0.6672,0.6674,41227.162,27574.9139326,-0.0018000000000000238,-0.2689778840406491,0.0025999999999999357,0.38852361028092286,bearish,5m
ADAUSDT,candle5m,SPOT,2025-06-10 21:25:18.867121,2025-06-09 00:40:00,0.6674,0.6684,0.6668,0.6681,26975.768,18008.0167815,0.0007000000000000339,0.10488462691040365,0.0016000000000000458,0.23973629008091787,bullish,5m
ADAUSDT,candle5m,SPOT,2025-06-10 21:25:18.867124,2025-06-09 00:45:00,0.6681,0.6684,0.6664,0.6684,29902.858,19956.2232845,0.00029999999999996696,0.044903457566227656,0.0020000000000000018,0.2993563837748842,bullish,5m
ADAUSDT,candle5m,SPOT,2025-06-10 21:25:18.867127,2025-06-09 00:50:00,0.6684,0.6684,0.667,0.6677,25148.238,16792.2258107,-0.0007000000000000339,-0.10472770795931088,0.0013999999999999568,0.20945541591860517,bearish,5m
ADAUSDT,candle5m,SPOT,2025-06-10 21:25:18.867129,2025-06-09 00:55:00,0.6677,0.6684,0.6675,0.6684,20670.934,13808.7843818,0.0007000000000000339,0.10483750187210335,0.0009000000000000119,0.13479107383555666,bullish,5m
AVAXUSDT,candle5m,SPOT,2025-06-10 21:25:17.183786,2025-06-08 20:50:00,21.39,21.42,21.37,21.41,634.6225,13578.136452,0.019999999999999574,0.09350163627863288,0.05000000000000071,0.2337540906965905,bullish,5m
AVAXUSDT,candle5m,SPOT,2025-06-10 21:25:17.183802,2025-06-08 20:55:00,21.41,21.42,21.32,21.32,997.9381,21297.395369,-0.08999999999999986,-0.4203643157403076,0.10000000000000142,0.46707146193368254,bearish,5m
AVAXUSDT,candle5m,SPOT,2025-06-10 21:25:17.183805,2025-06-08 21:00:00,21.32,21.46,21.32,21.46,1343.0031,28728.657604,0.14000000000000057,0.6566604127579764,0.14000000000000057,0.6566604127579764,bullish,5m
AVAXUSDT,candle5m,SPOT,2025-06-10 21:25:17.183807,2025-06-08 21:05:00,21.46,21.47,21.42,21.47,749.0758,16059.148566,0.00999999999999801,0.046598322460382154,0.04999999999999716,0.23299161230194387,bullish,5m
AVAXUSDT,candle5m,SPOT,2025-06-10 21:25:17.183810,2025-06-08 21:10:00,21.47,21.47,21.42,21.45,705.0738,15115.335042,-0.019999999999999574,-0.09315323707498638,0.04999999999999716,0.23288309268745766,bearish,5m
AVAXUSDT,candle5m,SPOT,2025-06-10 21:25:17.183812,2025-06-08 21:15:00,21.45,21.47,21.41,21.46,871.7605,18692.510271,0.010000000000001563,0.04662004662005391,0.05999999999999872,0.2797202797202738,bullish,5m
AVAXUSDT,candle5m,SPOT,2025-06-10 21:25:17.183814,2025-06-08 21:20:00,21.46,21.48,21.42,21.47,1357.5615,29119.042557,0.00999999999999801,0.046598322460382154,0.05999999999999872,0.27958993476234256,bullish,5m
AVAXUSDT,candle5m,SPOT,2025-06-10 21:25:17.183816,2025-06-08 21:25:00,21.47,21.48,21.43,21.44,465.1636,9979.443437,-0.029999999999997584,-0.13972985561247128,0.05000000000000071,0.2328830926874742,bearish,5m
AVAXUSDT,candle5m,SPOT,2025-06-10 21:25:17.183819,2025-06-08 21:30:00,21.44,21.46,21.44,21.45,487.6884,10462.480934,0.00999999999999801,0.04664179104476684,0.019999999999999574,0.09328358208955025,bullish,5m
AVAXUSDT,candle5m,SPOT,2025-06-10 21:25:17.183821,2025-06-08 21:35:00,21.45,21.46,21.39,21.43,498.1981,10676.814524,-0.019999999999999574,-0.09324009324009126,0.07000000000000028,0.32634032634032767,bearish,5m
AVAXUSDT,candle5m,SPOT,2025-06-10 21:25:17.183823,2025-06-08 21:40:00,21.43,21.45,21.41,21.45,484.1648,10376.899208,0.019999999999999574,0.09332711152589628,0.03999999999999915,0.18665422305179255,bullish,5m
AVAXUSDT,candle5m,SPOT,2025-06-10 21:25:17.183825,2025-06-08 21:45:00,21.45,21.45,21.42,21.43,632.9556,13567.931701,-0.019999999999999574,-0.09324009324009126,0.029999999999997584,0.1398601398601286,bearish,5m
AVAXUSDT,candle5m,SPOT,2025-06-10 21:25:17.183828,2025-06-08 21:50:00,21.43,21.48,21.43,21.46,623.0863,13372.199197,0.030000000000001137,0.13999066728885273,0.05000000000000071,0.233317778814749,bullish,5m
AVAXUSDT,candle5m,SPOT,2025-06-10 21:25:17.183830,2025-06-08 21:55:00,21.46,21.48,21.38,21.38,2677.7743,57334.37296,-0.08000000000000185,-0.37278657968314,0.10000000000000142,0.4659832246039209,bearish,5m
AVAXUSDT,candle5m,SPOT,2025-06-10 21:25:17.183832,2025-06-08 22:00:00,21.38,21.43,21.27,21.32,2297.6587,49004.997849,-0.05999999999999872,-0.28063610851262266,0.16000000000000014,0.7483629560336771,bearish,5m
AVAXUSDT,candle5m,SPOT,2025-06-10 21:25:17.183834,2025-06-08 22:05:00,21.32,21.35,21.28,21.28,2729.9084,58226.058444,-0.03999999999999915,-0.1876172607879885,0.07000000000000028,0.3283302063789882,bearish,5m
AVAXUSDT,candle5m,SPOT,2025-06-10 21:25:17.183837,2025-06-08 22:10:00,21.28,21.29,21.23,21.25,1414.9446,30082.212659,-0.030000000000001137,-0.1409774436090279,0.05999999999999872,0.2819548872180391,bearish,5m
AVAXUSDT,candle5m,SPOT,2025-06-10 21:25:17.183839,2025-06-08 22:15:00,21.25,21.29,21.25,21.29,1117.6187,23766.855019,0.03999999999999915,0.18823529411764306,0.03999999999999915,0.18823529411764306,bullish,5m
AVAXUSDT,candle5m,SPOT,2025-06-10 21:25:17.183842,2025-06-08 22:20:00,21.29,21.32,21.28,21.31,578.4023,12318.214492,0.019999999999999574,0.09394081728510838,0.03999999999999915,0.18788163457021675,bullish,5m
AVAXUSDT,candle5m,SPOT,2025-06-10 21:25:17.183844,2025-06-08 22:25:00,21.31,21.31,21.17,21.2,941.953,19981.363524,-0.10999999999999943,-0.5161895823556989,0.13999999999999702,0.656968559361788,bearish,5m
AVAXUSDT,candle5m,SPOT,2025-06-10 21:25:17.183846,2025-06-08 22:30:00,21.2,21.22,21.15,21.18,800.0268,16941.712271,-0.019999999999999574,-0.09433962264150743,0.07000000000000028,0.3301886792452844,bearish,5m
AVAXUSDT,candle5m,SPOT,2025-06-10 21:25:17.183848,2025-06-08 22:35:00,21.18,21.18,21.11,21.14,1474.9041,31168.293356,-0.03999999999999915,-0.18885741265344264,0.07000000000000028,0.33050047214353295,bearish,5m
AVAXUSDT,candle5m,SPOT,2025-06-10 21:25:17.183850,2025-06-08 22:40:00,21.14,21.18,21.14,21.17,1508.5962,31909.033693,0.030000000000001137,0.14191106906339232,0.03999999999999915,0.18921475875117855,bullish,5m
AVAXUSDT,candle5m,SPOT,2025-06-10 21:25:17.183852,2025-06-08 22:45:00,21.17,21.19,21.13,21.16,850.8415,18001.621773,-0.010000000000001563,-0.04723665564478773,0.060000000000002274,0.2834199338686928,bearish,5m
AVAXUSDT,candle5m,SPOT,2025-06-10 21:25:17.183854,2025-06-08 22:50:00,21.16,21.16,21.13,21.15,780.1788,16502.726534,-0.010000000000001563,-0.04725897920605653,0.030000000000001137,0.14177693761815283,bearish,5m
AVAXUSDT,candle5m,SPOT,2025-06-10 21:25:17.183856,2025-06-08 22:55:00,21.15,21.17,21.13,21.16,757.214,16020.551271,0.010000000000001563,0.04728132387707595,0.0400000000000027,0.18912529550828702,bullish,5m
AVAXUSDT,candle5m,SPOT,2025-06-10 21:25:17.183859,2025-06-08 23:00:00,21.16,21.17,21.11,21.16,885.8217,18726.0312,0.0,0.0,0.060000000000002274,0.28355387523630565,doji,5m
AVAXUSDT,candle5m,SPOT,2025-06-10 21:25:17.183861,2025-06-08 23:05:00,21.16,21.19,21.13,21.14,619.7234,13107.776891,-0.019999999999999574,-0.09451795841209629,0.060000000000002274,0.28355387523630565,bearish,5m
AVAXUSDT,candle5m,SPOT,2025-06-10 21:25:17.183863,2025-06-08 23:10:00,21.14,21.16,21.1,21.16,380.3324,8034.343714,0.019999999999999574,0.09460737937558927,0.05999999999999872,0.2838221381267678,bullish,5m
AVAXUSDT,candle5m,SPOT,2025-06-10 21:25:17.183865,2025-06-08 23:15:00,21.16,21.2,21.13,21.19,941.1894,19918.251829,0.030000000000001137,0.14177693761815283,0.07000000000000028,0.33081285444234537,bullish,5m
AVAXUSDT,candle5m,SPOT,2025-06-10 21:25:17.183867,2025-06-08 23:20:00,21.19,21.23,21.15,21.16,3507.6945,74383.355427,-0.030000000000001137,-0.14157621519585245,0.08000000000000185,0.37753657385560097,bearish,5m
AVAXUSDT,candle5m,SPOT,2025-06-10 21:25:17.183869,2025-06-08 23:25:00,21.16,21.2,21.14,21.19,934.3525,19773.127767,0.030000000000001137,0.14177693761815283,0.05999999999999872,0.28355387523628883,bullish,5m
AVAXUSDT,candle5m,SPOT,2025-06-10 21:25:17.183871,2025-06-08 23:30:00,21.19,21.23,21.17,21.18,588.0833,12461.909353,-0.010000000000001563,-0.04719207173195641,0.05999999999999872,0.28315243039168814,bearish,5m
AVAXUSDT,candle5m,SPOT,2025-06-10 21:25:17.183873,2025-06-08 23:35:00,21.18,21.18,21.12,21.14,1352.765,28608.543266,-0.03999999999999915,-0.18885741265344264,0.05999999999999872,0.283286118980164,bearish,5m
AVAXUSDT,candle5m,SPOT,2025-06-10 21:25:17.183875,2025-06-08 23:40:00,21.14,21.14,21.1,21.11,1659.4356,35048.415379,-0.030000000000001137,-0.14191106906339232,0.03999999999999915,0.18921475875117855,bearish,5m
AVAXUSDT,candle5m,SPOT,2025-06-10 21:25:17.183878,2025-06-08 23:45:00,21.11,21.12,21.03,21.04,1344.5742,28329.170475,-0.07000000000000028,-0.3315963998105177,0.08999999999999986,0.42633822832780605,bearish,5m
AVAXUSDT,candle5m,SPOT,2025-06-10 21:25:17.183880,2025-06-08 23:50:00,21.04,21.07,21.03,21.07,785.6112,16543.593156,0.030000000000001137,0.1425855513308039,0.03999999999999915,0.1901140684410606,bullish,5m
AVAXUSDT,candle5m,SPOT,2025-06-10 21:25:17.183882,2025-06-08 23:55:00,21.07,21.07,21.02,21.05,2011.7306,42323.517398,-0.019999999999999574,-0.09492168960607296,0.05000000000000071,0.23730422401519086,bearish,5m
AVAXUSDT,candle5m,SPOT,2025-06-10 21:25:17.183884,2025-06-09 00:00:00,21.05,21.14,21.03,21.09,1541.1802,32485.112524,0.03999999999999915,0.19002375296911708,0.10999999999999943,0.5225653206650804,bullish,5m
AVAXUSDT,candle5m,SPOT,2025-06-10 21:25:17.183886,2025-06-09 00:05:00,21.09,21.12,21.01,21.04,2045.2648,43083.485166,-0.05000000000000071,-0.23707918444760887,0.10999999999999943,0.5215742057847295,bearish,5m
AVAXUSDT,candle5m,SPOT,2025-06-10 21:25:17.183889,2025-06-09 00:10:00,21.04,21.04,20.99,21.02,1167.2812,24533.794218,-0.019999999999999574,-0.0950570342205303,0.05000000000000071,0.23764258555133416,bearish,5m
AVAXUSDT,candle5m,SPOT,2025-06-10 21:25:17.183891,2025-06-09 00:15:00,21.02,21.07,20.99,20.99,737.5817,15510.146227,-0.030000000000001137,-0.1427212178877314,0.08000000000000185,0.38058991436727807,bearish,5m
AVAXUSDT,candle5m,SPOT,2025-06-10 21:25:17.183893,2025-06-09 00:20:00,20.99,21.01,20.94,20.94,503.0928,10546.503633,-0.04999999999999716,-0.23820867079560343,0.07000000000000028,0.3334921391138651,bearish,5m
AVAXUSDT,candle5m,SPOT,2025-06-10 21:25:17.183895,2025-06-09 00:25:00,20.94,21.03,20.92,20.99,384.3201,8062.332707,0.04999999999999716,0.2387774594078183,0.10999999999999943,0.5253104106972275,bullish,5m
AVAXUSDT,candle5m,SPOT,2025-06-10 21:25:17.183897,2025-06-09 00:30:00,20.99,21.06,20.98,21.02,775.1083,16286.604204,0.030000000000001137,0.14292520247737558,0.0799999999999983,0.38113387327297904,bullish,5m
AVAXUSDT,candle5m,SPOT,2025-06-10 21:25:17.183899,2025-06-09 00:35:00,21.02,21.07,20.95,20.95,646.5285,13596.995837,-0.07000000000000028,-0.33301617507136194,0.120000000000001,0.5708848715509087,bearish,5m
AVAXUSDT,candle5m,SPOT,2025-06-10 21:25:17.183901,2025-06-09 00:40:00,20.95,20.97,20.93,20.94,544.01,11397.731211,-0.00999999999999801,-0.04773269689736521,0.03999999999999915,0.19093078758949472,bearish,5m
AVAXUSDT,candle5m,SPOT,2025-06-10 21:25:17.183903,2025-06-09 00:45:00,20.94,20.95,20.88,20.94,1562.3578,32686.06804,0.0,0.0,0.07000000000000028,0.334288443170966,doji,5m
AVAXUSDT,candle5m,SPOT,2025-06-10 21:25:17.183905,2025-06-09 00:50:00,20.94,20.94,20.88,20.93,1012.9903,21183.495099,-0.010000000000001563,-0.047755491881573846,0.060000000000002274,0.2865329512894091,bearish,5m
AVAXUSDT,candle5m,SPOT,2025-06-10 21:25:17.183907,2025-06-09 00:55:00,20.93,20.95,20.92,20.93,746.6387,15629.378908,0.0,0.0,0.029999999999997584,0.14333492594361005,doji,5m
BNBUSDT,candle5m,SPOT,2025-06-10 21:25:12.438743,2025-06-08 20:50:00,654.5,654.6,654.3,654.6,0.1854,121.35722,0.10000000000002274,0.015278838808254046,0.3000000000000682,0.045836516424762136,bullish,5m
BNBUSDT,candle5m,SPOT,2025-06-10 21:25:12.438762,2025-06-08 20:55:00,654.6,654.6,654.2,654.2,0.0358,23.42144,-0.39999999999997726,-0.061106018942862404,0.39999999999997726,0.061106018942862404,bearish,5m
BNBUSDT,candle5m,SPOT,2025-06-10 21:25:12.438767,2025-06-08 21:00:00,654.2,655.6,654.2,655.6,0.6626,433.92616,1.3999999999999773,0.2140018343014334,1.3999999999999773,0.2140018343014334,bullish,5m
BNBUSDT,candle5m,SPOT,2025-06-10 21:25:12.438770,2025-06-08 21:05:00,655.6,656.1,655.6,655.9,102.4233,67192.10924,0.2999999999999545,0.045759609517991844,0.5,0.07626601586333129,bullish,5m
BNBUSDT,candle5m,SPOT,2025-06-10 21:25:12.438773,2025-06-08 21:10:00,655.9,656.1,655.7,655.7,28.4839,18688.06486,-0.1999999999999318,-0.030492453117842936,0.39999999999997726,0.0609849062357032,bearish,5m
BNBUSDT,candle5m,SPOT,2025-06-10 21:25:12.438775,2025-06-08 21:15:00,655.7,656.0,655.7,655.9,0.3005,197.1167,0.1999999999999318,0.03050175385083602,0.2999999999999545,0.045752630776262695,bullish,5m
BNBUSDT,candle5m,SPOT,2025-06-10 21:25:12.438778,2025-06-08 21:20:00,655.9,656.1,655.7,656.0,0.5429,356.08625,0.10000000000002274,0.015246226558930133,0.39999999999997726,0.0609849062357032,bullish,5m
BNBUSDT,candle5m,SPOT,2025-06-10 21:25:12.438781,2025-06-08 21:25:00,656.0,656.0,655.8,655.9,0.2323,152.36357,-0.10000000000002274,-0.015243902439027858,0.20000000000004547,0.030487804878055715,bearish,5m
BNBUSDT,candle5m,SPOT,2025-06-10 21:25:12.438784,2025-06-08 21:30:00,655.9,656.1,655.7,655.8,1.1695,767.09036,-0.10000000000002274,-0.015246226558930133,0.39999999999997726,0.0609849062357032,bearish,5m
BNBUSDT,candle5m,SPOT,2025-06-10 21:25:12.438787,2025-06-08 21:35:00,655.8,655.9,655.6,655.7,0.366,239.97187,-0.09999999999990905,-0.015248551387604309,0.2999999999999545,0.0457456541628476,bearish,5m
BNBUSDT,candle5m,SPOT,2025-06-10 21:25:12.438789,2025-06-08 21:40:00,655.7,655.9,655.6,655.7,0.5316,348.56639,0.0,0.0,0.2999999999999545,0.045752630776262695,doji,5m
BNBUSDT,candle5m,SPOT,2025-06-10 21:25:12.438792,2025-06-08 21:45:00,655.7,655.9,655.5,655.6,0.5782,379.13998,-0.10000000000002274,-0.01525087692542668,0.39999999999997726,0.06100350770168937,bearish,5m
BNBUSDT,candle5m,SPOT,2025-06-10 21:25:12.438794,2025-06-08 21:50:00,655.6,656.2,655.6,656.2,0.23,150.85251,0.6000000000000227,0.09151921903600102,0.6000000000000227,0.09151921903600102,bullish,5m
BNBUSDT,candle5m,SPOT,2025-06-10 21:25:12.438797,2025-06-08 21:55:00,656.2,656.3,655.3,655.3,0.5149,337.68361,-0.900000000000091,-0.13715330691863623,1.0,0.15239256324291373,bearish,5m
BNBUSDT,candle5m,SPOT,2025-06-10 21:25:12.438800,2025-06-08 22:00:00,655.3,655.3,654.4,654.8,0.799,523.15847,-0.5,-0.07630093087135664,0.8999999999999773,0.1373416755684385,bearish,5m
BNBUSDT,candle5m,SPOT,2025-06-10 21:25:12.438802,2025-06-08 22:05:00,654.8,654.8,654.0,654.0,1.011,661.84946,-0.7999999999999545,-0.12217470983505721,0.7999999999999545,0.12217470983505721,bearish,5m
BNBUSDT,candle5m,SPOT,2025-06-10 21:25:12.438805,2025-06-08 22:10:00,654.0,654.2,654.0,654.2,0.0379,24.79418,0.20000000000004547,0.030581039755358634,0.20000000000004547,0.030581039755358634,bullish,5m
BNBUSDT,candle5m,SPOT,2025-06-10 21:25:12.438807,2025-06-08 22:15:00,654.2,654.2,653.8,653.9,0.0408,26.67757,-0.3000000000000682,-0.04585753592174689,0.40000000000009095,0.06114338122899586,bearish,5m
BNBUSDT,candle5m,SPOT,2025-06-10 21:25:12.438822,2025-06-08 22:20:00,653.9,654.0,653.8,654.0,6.0153,3933.06188,0.10000000000002274,0.015292858235207638,0.20000000000004547,0.030585716470415275,bullish,5m
BNBUSDT,candle5m,SPOT,2025-06-10 21:25:12.438826,2025-06-08 22:25:00,654.0,654.0,653.2,653.4,1.3322,870.24778,-0.6000000000000227,-0.09174311926605852,0.7999999999999545,0.12232415902139979,bearish,5m
BNBUSDT,candle5m,SPOT,2025-06-10 21:25:12.438829,2025-06-08 22:30:00,653.4,653.4,652.9,653.3,1.7208,1124.13125,-0.10000000000002274,-0.015304560759109694,0.5,0.07652280379553107,bearish,5m
BNBUSDT,candle5m,SPOT,2025-06-10 21:25:12.438832,2025-06-08 22:35:00,653.3,653.3,652.6,652.7,0.1367,89.2444,-0.599999999999909,-0.09184142048062285,0.6999999999999318,0.10714832389406578,bearish,5m
BNBUSDT,candle5m,SPOT,2025-06-10 21:25:12.438834,2025-06-08 22:40:00,652.7,653.0,652.7,653.0,3.1023,2025.06251,0.2999999999999545,0.045962923241911216,0.2999999999999545,0.045962923241911216,bullish,5m
BNBUSDT,candle5m,SPOT,2025-06-10 21:25:12.438837,2025-06-08 22:45:00,653.0,653.0,652.3,652.3,0.1521,99.25983,-0.7000000000000455,-0.10719754977029793,0.7000000000000455,0.10719754977029793,bearish,5m
BNBUSDT,candle5m,SPOT,2025-06-10 21:25:12.438839,2025-06-08 22:50:00,652.3,652.5,652.2,652.5,1.5472,1009.33274,0.20000000000004547,0.030660738923815038,0.2999999999999545,0.04599110838570512,bullish,5m
BNBUSDT,candle5m,SPOT,2025-06-10 21:25:12.438842,2025-06-08 22:55:00,652.5,652.7,652.5,652.6,0.3223,210.31265,0.10000000000002274,0.015325670498087775,0.20000000000004547,0.03065134099617555,bullish,5m
BNBUSDT,candle5m,SPOT,2025-06-10 21:25:12.438844,2025-06-08 23:00:00,652.6,652.7,652.3,652.3,0.1495,97.52326,-0.3000000000000682,-0.04596996628870184,0.40000000000009095,0.06129328838493578,bearish,5m
BNBUSDT,candle5m,SPOT,2025-06-10 21:25:12.438847,2025-06-08 23:05:00,652.3,652.4,651.9,652.1,5.3522,3489.83384,-0.1999999999999318,-0.030660738923797608,0.5,0.07665184730952017,bearish,5m
BNBUSDT,candle5m,SPOT,2025-06-10 21:25:12.438849,2025-06-08 23:10:00,652.1,652.1,651.9,652.1,7.8765,5135.47962,0.0,0.0,0.20000000000004547,0.03067014261617014,doji,5m
BNBUSDT,candle5m,SPOT,2025-06-10 21:25:12.438852,2025-06-08 23:15:00,652.1,652.3,652.1,652.3,1.0968,715.43328,0.1999999999999318,0.030670142616152706,0.1999999999999318,0.030670142616152706,bullish,5m
BNBUSDT,candle5m,SPOT,2025-06-10 21:25:12.438854,2025-06-08 23:20:00,652.3,652.3,651.8,651.8,0.1419,92.50338,-0.5,-0.07665184730952017,0.5,0.07665184730952017,bearish,5m
BNBUSDT,candle5m,SPOT,2025-06-10 21:25:12.438857,2025-06-08 23:25:00,651.8,652.0,651.7,651.7,0.0213,13.8858,-0.09999999999990905,-0.015342129487558922,0.2999999999999545,0.04602638846271165,bearish,5m
BNBUSDT,candle5m,SPOT,2025-06-10 21:25:12.438860,2025-06-08 23:30:00,651.7,652.4,651.7,652.2,0.0713,46.50066,0.5,0.07672241829062451,0.6999999999999318,0.10741138560686385,bullish,5m
BNBUSDT,candle5m,SPOT,2025-06-10 21:25:12.438862,2025-06-08 23:35:00,652.2,652.3,652.1,652.1,1.7366,1132.59168,-0.10000000000002274,-0.015332720024535838,0.1999999999999318,0.030665440049054242,bearish,5m
BNBUSDT,candle5m,SPOT,2025-06-10 21:25:12.438865,2025-06-08 23:40:00,652.1,652.3,652.1,652.1,1.925,1255.30168,0.0,0.0,0.1999999999999318,0.030670142616152706,doji,5m
BNBUSDT,candle5m,SPOT,2025-06-10 21:25:12.438867,2025-06-08 23:45:00,652.1,652.1,651.9,651.9,0.193,125.85066,-0.20000000000004547,-0.03067014261617014,0.20000000000004547,0.03067014261617014,bearish,5m
BNBUSDT,candle5m,SPOT,2025-06-10 21:25:12.438870,2025-06-08 23:50:00,651.9,651.9,651.7,651.7,5.1565,3360.71955,-0.1999999999999318,-0.03067955207852919,0.1999999999999318,0.03067955207852919,bearish,5m
BNBUSDT,candle5m,SPOT,2025-06-10 21:25:12.438872,2025-06-08 23:55:00,651.7,651.9,651.6,651.9,0.1276,83.1513,0.1999999999999318,0.03068896731623934,0.2999999999999545,0.04603345097436773,bullish,5m
BNBUSDT,candle5m,SPOT,2025-06-10 21:25:12.438875,2025-06-09 00:00:00,651.9,652.1,651.9,652.1,0.7322,477.45204,0.20000000000004547,0.03067955207854663,0.20000000000004547,0.03067955207854663,bullish,5m
BNBUSDT,candle5m,SPOT,2025-06-10 21:25:12.438877,2025-06-09 00:05:00,652.1,652.2,651.7,652.2,0.0573,37.3485,0.10000000000002274,0.01533507130808507,0.5,0.07667535654040791,bullish,5m
BNBUSDT,candle5m,SPOT,2025-06-10 21:25:12.438880,2025-06-09 00:10:00,652.2,652.2,652.0,652.0,0.0879,57.3108,-0.20000000000004547,-0.030665440049071676,0.20000000000004547,0.030665440049071676,bearish,5m
BNBUSDT,candle5m,SPOT,2025-06-10 21:25:12.438883,2025-06-09 00:15:00,652.0,652.3,652.0,652.1,1.2657,825.42931,0.10000000000002274,0.015337423312886922,0.2999999999999545,0.04601226993864333,bullish,5m
BNBUSDT,candle5m,SPOT,2025-06-10 21:25:12.438885,2025-06-09 00:20:00,652.1,652.1,651.8,651.8,3.0829,2010.04772,-0.3000000000000682,-0.04600521392425521,0.3000000000000682,0.04600521392425521,bearish,5m
BNBUSDT,candle5m,SPOT,2025-06-10 21:25:12.438888,2025-06-09 00:25:00,651.8,652.4,651.7,652.4,1.7754,1158.26326,0.6000000000000227,0.09205277692544074,0.6999999999999318,0.10739490641299967,bullish,5m
BNBUSDT,candle5m,SPOT,2025-06-10 21:25:12.438890,2025-06-09 00:30:00,652.4,652.8,652.4,652.8,0.2948,192.44227,0.39999999999997726,0.06131207847945697,0.39999999999997726,0.06131207847945697,bullish,5m
BNBUSDT,candle5m,SPOT,2025-06-10 21:25:12.438893,2025-06-09 00:35:00,652.8,653.5,652.8,653.2,0.1876,122.54547,0.40000000000009095,0.0612745098039355,0.7000000000000455,0.10723039215686972,bullish,5m
BNBUSDT,candle5m,SPOT,2025-06-10 21:25:12.438896,2025-06-09 00:40:00,653.2,653.2,652.4,652.6,0.8726,569.2857,-0.6000000000000227,-0.09185548071035252,0.8000000000000682,0.12247397428047584,bearish,5m
BNBUSDT,candle5m,SPOT,2025-06-10 21:25:12.438898,2025-06-09 00:45:00,652.6,652.6,651.7,652.1,1.9826,1293.472,-0.5,-0.07661661048115231,0.8999999999999773,0.13790989886607066,bearish,5m
BNBUSDT,candle5m,SPOT,2025-06-10 21:25:12.438901,2025-06-09 00:50:00,652.1,652.2,651.8,652.2,0.0576,37.55077,0.10000000000002274,0.01533507130808507,0.40000000000009095,0.06134028523234028,bullish,5m
BNBUSDT,candle5m,SPOT,2025-06-10 21:25:12.438903,2025-06-09 00:55:00,652.2,652.6,652.2,652.6,1.2218,797.24278,0.39999999999997726,0.06133088009812592,0.39999999999997726,0.06133088009812592,bullish,5m
BTCUSDT,candle5m,SPOT,2025-06-10 21:25:09.223200,2025-06-08 20:50:00,106211.98,106211.98,106151.0,106151.0,12.000128,1274470.71767828,-60.979999999995925,-0.05741348574802572,60.979999999995925,0.05741348574802572,bearish,5m
BTCUSDT,candle5m,SPOT,2025-06-10 21:25:09.223211,2025-06-08 20:55:00,106151.0,106172.01,106112.0,106124.6,7.7181,819115.07185638,-26.39999999999418,-0.024870232027954686,60.00999999999476,0.05653267515143028,bearish,5m
BTCUSDT,candle5m,SPOT,2025-06-10 21:25:09.223214,2025-06-08 21:00:00,106124.6,106172.01,106124.6,106172.01,3.947427,419007.16995327,47.40999999998894,0.044673902186664484,47.40999999998894,0.044673902186664484,bullish,5m
BTCUSDT,candle5m,SPOT,2025-06-10 21:25:09.223215,2025-06-08 21:05:00,106172.01,106184.66,106160.81,106184.65,2.923498,310380.829239,12.639999999999418,0.01190520929197763,23.85000000000582,0.022463547596024435,bullish,5m
BTCUSDT,candle5m,SPOT,2025-06-10 21:25:09.223217,2025-06-08 21:10:00,106184.65,106221.83,106184.63,106221.83,9.807096,1041377.81358005,37.18000000000757,0.035014477139593686,37.19999999999709,0.03503331225369872,bullish,5m
BTCUSDT,candle5m,SPOT,2025-06-10 21:25:09.223219,2025-06-08 21:15:00,106221.83,106256.01,106198.5,106256.0,7.810014,829462.45718499,34.169999999998254,0.032168528823122565,57.50999999999476,0.054141413304586036,bullish,5m
BTCUSDT,candle5m,SPOT,2025-06-10 21:25:09.223220,2025-06-08 21:20:00,106256.0,106265.8,106256.0,106265.8,5.163761,548725.61325063,9.80000000000291,0.00922300858304746,9.80000000000291,0.00922300858304746,bullish,5m
BTCUSDT,candle5m,SPOT,2025-06-10 21:25:09.223222,2025-06-08 21:25:00,106265.8,106297.2,106265.79,106292.04,5.559426,590931.52368044,26.239999999990687,0.02469279862381941,31.410000000003492,0.029557957499029314,bullish,5m
BTCUSDT,candle5m,SPOT,2025-06-10 21:25:09.223225,2025-06-08 21:30:00,106292.04,106292.05,106284.2,106284.21,3.305654,351364.61228549,-7.829999999987194,-0.007366497058469472,7.850000000005821,0.007385313142927562,bearish,5m
BTCUSDT,candle5m,SPOT,2025-06-10 21:25:09.223227,2025-06-08 21:35:00,106284.21,106284.21,106246.58,106246.59,5.433253,577406.95469015,-37.620000000009895,-0.03539566225313233,37.63000000000466,0.03540507098844189,bearish,5m
BTCUSDT,candle5m,SPOT,2025-06-10 21:25:09.223231,2025-06-08 21:40:00,106246.59,106266.81,106231.84,106266.8,2.223171,236203.10808223,20.210000000006403,0.019021786958062753,34.970000000001164,0.0329139975221804,bullish,5m
BTCUSDT,candle5m,SPOT,2025-06-10 21:25:09.223233,2025-06-08 21:45:00,106266.8,106299.19,106266.8,106299.18,2.126145,226006.09799631,32.379999999990105,0.030470476197636612,32.38999999999942,0.030479886474420435,bullish,5m
BTCUSDT,candle5m,SPOT,2025-06-10 21:25:09.223234,2025-06-08 21:50:00,106299.18,106466.51,106299.18,106409.47,22.100432,2351479.68118193,110.29000000000815,0.10375432811429793,167.33000000000175,0.1574141964218367,bullish,5m
BTCUSDT,candle5m,SPOT,2025-06-10 21:25:09.223236,2025-06-08 21:55:00,106409.47,106433.7,106314.89,106319.0,26.022093,2769047.49278437,-90.47000000000116,-0.08502062833317482,118.80999999999767,0.11165359624476813,bearish,5m
BTCUSDT,candle5m,SPOT,2025-06-10 21:25:09.223237,2025-06-08 22:00:00,106319.0,106348.88,106089.0,106089.01,21.358065,2267757.80151492,-229.99000000000524,-0.21632069526613798,259.88000000000466,0.24443420272952593,bearish,5m
BTCUSDT,candle5m,SPOT,2025-06-10 21:25:09.223239,2025-06-08 22:05:00,106089.01,106124.26,105957.21,105985.19,14.622124,1551262.63083193,-103.81999999999243,-0.09786122049776166,167.04999999998836,0.157462116009932,bearish,5m
BTCUSDT,candle5m,SPOT,2025-06-10 21:25:09.223240,2025-06-08 22:10:00,105985.19,106042.37,105912.2,105944.99,41.355998,4383349.02484157,-40.19999999999709,-0.03792982774291114,130.16999999999825,0.12281904669888147,bearish,5m
BTCUSDT,candle5m,SPOT,2025-06-10 21:25:09.223242,2025-06-08 22:15:00,105944.99,106058.89,105934.99,106025.93,14.501214,1537315.92361918,80.93999999998778,0.07639813831686403,123.89999999999418,0.1169474837837959,bullish,5m
BTCUSDT,candle5m,SPOT,2025-06-10 21:25:09.223245,2025-06-08 22:20:00,106025.93,106100.0,106025.92,106099.99,7.180158,761518.6289429,74.06000000001222,0.06985083743194918,74.08000000000175,0.06986970074207484,bullish,5m
BTCUSDT,candle5m,SPOT,2025-06-10 21:25:09.223246,2025-06-08 22:25:00,106099.99,106100.0,105898.78,105998.27,17.655352,1870380.95253684,-101.72000000000116,-0.09587182807463145,201.22000000000116,0.18965129025931216,bearish,5m
BTCUSDT,candle5m,SPOT,2025-06-10 21:25:09.223248,2025-06-08 22:30:00,105998.27,106006.72,105934.59,105968.95,16.241639,1721120.32065375,-29.320000000006985,-0.027660828804099338,72.13000000000466,0.06804828041061864,bearish,5m
BTCUSDT,candle5m,SPOT,2025-06-10 21:25:09.223249,2025-06-08 22:35:00,105968.95,105968.96,105760.57,105806.96,21.446773,2269382.48942161,-161.9899999999907,-0.15286553278105586,208.38999999999942,0.19665194380051837,bearish,5m
BTCUSDT,candle5m,SPOT,2025-06-10 21:25:09.223251,2025-06-08 22:40:00,105806.96,105913.36,105806.95,105896.02,18.256955,1932708.97714187,89.05999999999767,0.08417215653866028,106.41000000000349,0.1005699436029572,bullish,5m
BTCUSDT,candle5m,SPOT,2025-06-10 21:25:09.223252,2025-06-08 22:45:00,105896.02,105896.02,105711.84,105732.74,8.91257,943067.63930051,-163.27999999999884,-0.15418898651715035,184.18000000000757,0.1739253278829625,bearish,5m
BTCUSDT,candle5m,SPOT,2025-06-10 21:25:09.223253,2025-06-08 22:50:00,105732.74,105804.75,105732.18,105769.01,27.535278,2912265.09114111,36.26999999998952,0.03430347118592549,72.57000000000698,0.06863531579717597,bullish,5m
BTCUSDT,candle5m,SPOT,2025-06-10 21:25:09.223255,2025-06-08 22:55:00,105769.01,105769.01,105739.0,105766.06,5.525857,584412.57360487,-2.9499999999970896,-0.002789096730693697,30.00999999999476,0.028373150131588417,bearish,5m
BTCUSDT,candle5m,SPOT,2025-06-10 21:25:09.223256,2025-06-08 23:00:00,105766.06,105779.24,105665.0,105683.28,17.661482,1867373.29770389,-82.77999999999884,-0.07826707357728825,114.24000000000524,0.10801196527506578,bearish,5m
BTCUSDT,candle5m,SPOT,2025-06-10 21:25:09.223258,2025-06-08 23:05:00,105683.28,105787.51,105661.95,105661.95,19.297456,2039857.14915138,-21.330000000001746,-0.020182946630726967,125.55999999999767,0.11880781898517691,bearish,5m
BTCUSDT,candle5m,SPOT,2025-06-10 21:25:09.223261,2025-06-08 23:10:00,105661.95,105673.77,105614.77,105670.14,12.092348,1277277.03720763,8.190000000002328,0.007751134632667984,59.0,0.05583845461871564,bullish,5m
BTCUSDT,candle5m,SPOT,2025-06-10 21:25:09.223262,2025-06-08 23:15:00,105670.14,105708.06,105587.0,105704.09,9.382756,991324.83619804,33.94999999999709,0.03212828146153406,121.05999999999767,0.11456405754738062,bullish,5m
BTCUSDT,candle5m,SPOT,2025-06-10 21:25:09.223264,2025-06-08 23:20:00,105704.09,105745.78,105587.17,105594.55,15.467849,1634410.1004442,-109.5399999999936,-0.10362891350750345,158.61000000000058,0.15005095829309972,bearish,5m
BTCUSDT,candle5m,SPOT,2025-06-10 21:25:09.223265,2025-06-08 23:25:00,105594.55,105681.58,105577.78,105681.58,9.59461,1013314.29634075,87.02999999999884,0.08241902636073437,103.80000000000291,0.09830052782080412,bullish,5m
BTCUSDT,candle5m,SPOT,2025-06-10 21:25:09.223267,2025-06-08 23:30:00,105681.58,105784.67,105681.57,105700.56,16.948676,1791911.97944692,18.979999999995925,0.017959610369182526,103.09999999999127,0.09755720911817486,bullish,5m
BTCUSDT,candle5m,SPOT,2025-06-10 21:25:09.223268,2025-06-08 23:35:00,105700.56,105754.58,105680.99,105701.18,20.6594,2183884.99518612,0.6199999999953434,0.0005865626445076009,73.58999999999651,0.06962120162844597,bullish,5m
BTCUSDT,candle5m,SPOT,2025-06-10 21:25:09.223269,2025-06-08 23:40:00,105701.18,105750.02,105676.0,105687.0,7.919002,837034.79793222,-14.179999999993015,-0.013415176632837039,74.02000000000407,0.07002760044874057,bearish,5m
BTCUSDT,candle5m,SPOT,2025-06-10 21:25:09.223271,2025-06-08 23:45:00,105687.0,105700.0,105646.28,105646.31,6.486461,685451.14816509,-40.69000000000233,-0.03850047782603568,53.720000000001164,0.05082933567988605,bearish,5m
BTCUSDT,candle5m,SPOT,2025-06-10 21:25:09.223272,2025-06-08 23:50:00,105646.31,105675.25,105638.0,105672.49,7.380464,779752.5561026,26.180000000007567,0.024780799253667798,37.25,0.035259158601942654,bullish,5m
BTCUSDT,candle5m,SPOT,2025-06-10 21:25:09.223273,2025-06-08 23:55:00,105672.49,105769.78,105624.01,105730.52,9.62513,1017553.86640367,58.029999999998836,0.05491495468688098,145.77000000000407,0.13794507917813242,bullish,5m
BTCUSDT,candle5m,SPOT,2025-06-10 21:25:09.223275,2025-06-09 00:00:00,105730.52,105790.89,105686.0,105733.97,19.789085,2092331.59234769,3.4499999999970896,0.0032630124206303817,104.88999999999942,0.09920503559426305,bullish,5m
BTCUSDT,candle5m,SPOT,2025-06-10 21:25:09.223278,2025-06-09 00:05:00,105733.97,105753.88,105618.0,105715.0,20.089343,2123467.20336517,-18.970000000001164,-0.0179412538846325,135.88000000000466,0.1285112060012545,bearish,5m
BTCUSDT,candle5m,SPOT,2025-06-10 21:25:09.223279,2025-06-09 00:10:00,105715.0,105763.24,105680.0,105684.8,10.569074,1117427.63580318,-30.19999999999709,-0.028567374544763838,83.24000000000524,0.07874000851346095,bearish,5m
BTCUSDT,candle5m,SPOT,2025-06-10 21:25:09.223281,2025-06-09 00:15:00,105684.8,105789.07,105666.0,105698.0,11.715496,1238529.92254741,13.19999999999709,0.012489970175462401,123.07000000000698,0.11645004768898364,bullish,5m
BTCUSDT,candle5m,SPOT,2025-06-10 21:25:09.223282,2025-06-09 00:20:00,105698.0,105751.5,105609.0,105716.01,14.010523,1480627.38145117,18.00999999999476,0.017039111430674905,142.5,0.13481806656701167,bullish,5m
BTCUSDT,candle5m,SPOT,2025-06-10 21:25:09.223284,2025-06-09 00:25:00,105716.01,105856.9,105618.0,105775.75,20.236542,2140222.77015885,59.74000000000524,0.0565098890887059,238.89999999999418,0.22598280052377515,bullish,5m
BTCUSDT,candle5m,SPOT,2025-06-10 21:25:09.223285,2025-06-09 00:30:00,105775.75,105960.64,105775.75,105938.37,17.788707,1882926.70220616,162.61999999999534,0.15374034218617721,184.88999999999942,0.17479431722299243,bullish,5m
BTCUSDT,candle5m,SPOT,2025-06-10 21:25:09.223286,2025-06-09 00:35:00,105938.37,105957.84,105717.11,105717.11,17.896958,1895528.1146204,-221.25999999999476,-0.2088572818328192,240.72999999999593,0.22723589196246455,bearish,5m
BTCUSDT,candle5m,SPOT,2025-06-10 21:25:09.223288,2025-06-09 00:40:00,105717.11,105800.27,105715.0,105780.1,16.960833,1793766.59658119,62.99000000000524,0.05958354328831467,85.27000000000407,0.08065865591672348,bullish,5m
BTCUSDT,candle5m,SPOT,2025-06-10 21:25:09.223289,2025-06-09 00:45:00,105780.1,105780.1,105628.0,105708.59,21.258767,2246430.85573096,-71.51000000000931,-0.06760250746596884,152.10000000000582,0.14378886009750966,bearish,5m
BTCUSDT,candle5m,SPOT,2025-06-10 21:25:09.223291,2025-06-09 00:50:00,105708.59,105718.92,105646.0,105718.92,8.473159,895507.70991754,10.330000000001746,0.009772148129117744,72.91999999999825,0.06898209502179366,bullish,5m
BTCUSDT,candle5m,SPOT,2025-06-10 21:25:09.223292,2025-06-09 00:55:00,105718.92,105721.5,105668.0,105699.32,7.812309,825683.58416614,-19.59999999999127,-0.018539727798951473,53.5,0.050605889655323755,bearish,5m
DOTUSDT,candle5m,SPOT,2025-06-10 21:25:15.637099,2025-06-08 20:50:00,4.063,4.066,4.057,4.059,2585.3271,10502.7307799,-0.0039999999999995595,-0.09844942160963721,0.008999999999999453,0.22151119862169463,bearish,5m
DOTUSDT,candle5m,SPOT,2025-06-10 21:25:15.637113,2025-06-08 20:55:00,4.059,4.06,4.052,4.056,4456.7457,18076.0223803,-0.0030000000000001137,-0.07390983000739378,0.008000000000000007,0.19709288001970945,bearish,5m
DOTUSDT,candle5m,SPOT,2025-06-10 21:25:15.637117,2025-06-08 21:00:00,4.056,4.064,4.056,4.063,4223.2624,17150.8523222,0.006999999999999673,0.17258382642997222,0.008000000000000007,0.1972386587771205,bullish,5m
DOTUSDT,candle5m,SPOT,2025-06-10 21:25:15.637119,2025-06-08 21:05:00,4.063,4.066,4.062,4.065,3017.3786,12263.7305235,0.002000000000000668,0.04922471080484046,0.0039999999999995595,0.09844942160963721,bullish,5m
DOTUSDT,candle5m,SPOT,2025-06-10 21:25:15.637122,2025-06-08 21:10:00,4.065,4.065,4.06,4.063,5045.8026,20497.7936999,-0.002000000000000668,-0.049200492004936466,0.005000000000000782,0.12300123001231934,bearish,5m
DOTUSDT,candle5m,SPOT,2025-06-10 21:25:15.637124,2025-06-08 21:15:00,4.063,4.065,4.056,4.062,2925.1538,11878.8304139,-0.0009999999999994458,-0.02461235540239837,0.009000000000000341,0.22151119862171648,bearish,5m
DOTUSDT,candle5m,SPOT,2025-06-10 21:25:15.637126,2025-06-08 21:20:00,4.062,4.064,4.057,4.06,3398.3486,13798.1544504,-0.002000000000000668,-0.049236829148219294,0.006999999999999673,0.17232890201870193,bearish,5m
DOTUSDT,candle5m,SPOT,2025-06-10 21:25:15.637129,2025-06-08 21:25:00,4.06,4.063,4.059,4.061,1806.1901,7334.4362279,0.001000000000000334,0.02463054187192941,0.0039999999999995595,0.09852216748767388,bullish,5m
DOTUSDT,candle5m,SPOT,2025-06-10 21:25:15.637132,2025-06-08 21:30:00,4.061,4.065,4.061,4.063,900.5763,3658.5699344,0.0019999999999997797,0.04924895345973356,0.004000000000000448,0.09849790691948898,bullish,5m
DOTUSDT,candle5m,SPOT,2025-06-10 21:25:15.637137,2025-06-08 21:35:00,4.063,4.063,4.049,4.049,1057.8212,4292.9860633,-0.013999999999999346,-0.3445729756337521,0.013999999999999346,0.3445729756337521,bearish,5m
DOTUSDT,candle5m,SPOT,2025-06-10 21:25:15.637140,2025-06-08 21:40:00,4.049,4.059,4.049,4.058,568.4587,2303.8304178,0.008999999999999453,0.2222771054581243,0.009999999999999787,0.24697456162014786,bullish,5m
DOTUSDT,candle5m,SPOT,2025-06-10 21:25:15.637142,2025-06-08 21:45:00,4.058,4.064,4.058,4.063,1120.2518,4548.7011982,0.004999999999999893,0.12321340561852868,0.006000000000000227,0.14785608674224318,bullish,5m
DOTUSDT,candle5m,SPOT,2025-06-10 21:25:15.637144,2025-06-08 21:50:00,4.063,4.074,4.061,4.071,866.6291,3523.7301852,0.008000000000000007,0.1968988432192963,0.0129999999999999,0.31996062023135374,bullish,5m
DOTUSDT,candle5m,SPOT,2025-06-10 21:25:15.637146,2025-06-08 21:55:00,4.071,4.074,4.061,4.064,852.7457,3466.9099345,-0.006999999999999673,-0.17194792434290526,0.0129999999999999,0.3193318594939794,bearish,5m
DOTUSDT,candle5m,SPOT,2025-06-10 21:25:15.637148,2025-06-08 22:00:00,4.064,4.067,4.046,4.048,904.038,3664.3310852,-0.016000000000000014,-0.39370078740157516,0.020999999999999908,0.5167322834645647,bearish,5m
DOTUSDT,candle5m,SPOT,2025-06-10 21:25:15.637151,2025-06-08 22:05:00,4.048,4.051,4.037,4.038,2032.8004,8224.5755001,-0.009999999999999787,-0.24703557312252436,0.014000000000000234,0.34584980237154733,bearish,5m
DOTUSDT,candle5m,SPOT,2025-06-10 21:25:15.637153,2025-06-08 22:10:00,4.038,4.045,4.035,4.039,2940.2269,11877.4678386,0.0009999999999994458,0.024764735017321588,0.009999999999999787,0.24764735017334785,bullish,5m
DOTUSDT,candle5m,SPOT,2025-06-10 21:25:15.637155,2025-06-08 22:15:00,4.039,4.044,4.035,4.037,3620.7266,14626.568404,-0.0019999999999997797,-0.0495172072295068,0.008999999999999453,0.22282743253279164,bearish,5m
DOTUSDT,candle5m,SPOT,2025-06-10 21:25:15.637158,2025-06-08 22:20:00,4.037,4.044,4.037,4.041,2028.6243,8196.8498481,0.004000000000000448,0.09908347783008292,0.006999999999999673,0.17339608620261762,bullish,5m
DOTUSDT,candle5m,SPOT,2025-06-10 21:25:15.637172,2025-06-08 22:25:00,4.041,4.042,4.033,4.036,1610.0765,6499.3286179,-0.005000000000000782,-0.12373174956695822,0.008999999999999453,0.22271714922047645,bearish,5m
DOTUSDT,candle5m,SPOT,2025-06-10 21:25:15.637175,2025-06-08 22:30:00,4.036,4.039,4.032,4.035,1469.4761,5927.1805293,-0.0009999999999994458,-0.02477700693754821,0.006999999999999673,0.17343904856292552,bearish,5m
DOTUSDT,candle5m,SPOT,2025-06-10 21:25:15.637177,2025-06-08 22:35:00,4.035,4.036,4.024,4.03,2943.841,11861.7056622,-0.004999999999999893,-0.12391573729863428,0.011999999999999567,0.29739776951671787,bearish,5m
DOTUSDT,candle5m,SPOT,2025-06-10 21:25:15.637180,2025-06-08 22:40:00,4.03,4.036,4.028,4.036,2650.6574,10687.4081053,0.005999999999999339,0.1488833746898099,0.008000000000000007,0.19851116625310192,bullish,5m
DOTUSDT,candle5m,SPOT,2025-06-10 21:25:15.637182,2025-06-08 22:45:00,4.036,4.038,4.025,4.031,2760.4906,11135.8286089,-0.004999999999999893,-0.12388503468780708,0.0129999999999999,0.3221010901883028,bearish,5m
DOTUSDT,candle5m,SPOT,2025-06-10 21:25:15.637184,2025-06-08 22:50:00,4.031,4.031,4.025,4.027,1849.8863,7449.6192343,-0.0039999999999995595,-0.09923096005952764,0.005999999999999339,0.1488464400892915,bearish,5m
DOTUSDT,candle5m,SPOT,2025-06-10 21:25:15.637187,2025-06-08 22:55:00,4.027,4.029,4.026,4.027,1925.6781,7755.5831516,0.0,0.0,0.0030000000000001137,0.0744971442761389,doji,5m
DOTUSDT,candle5m,SPOT,2025-06-10 21:25:15.637189,2025-06-08 23:00:00,4.027,4.028,4.021,4.023,1233.162,4962.6381872,-0.004000000000000448,-0.09932952570152588,0.006999999999999673,0.17382666997764273,bearish,5m
DOTUSDT,candle5m,SPOT,2025-06-10 21:25:15.637191,2025-06-08 23:05:00,4.023,4.029,4.021,4.022,952.8762,3834.1730036,-0.0009999999999994458,-0.024857071836923834,0.008000000000000007,0.19885657469550108,bearish,5m
DOTUSDT,candle5m,SPOT,2025-06-10 21:25:15.637193,2025-06-08 23:10:00,4.022,4.028,4.019,4.026,7202.0384,28992.2562625,0.0039999999999995595,0.09945300845349477,0.008999999999999453,0.22376926902037425,bullish,5m
DOTUSDT,candle5m,SPOT,2025-06-10 21:25:15.637196,2025-06-08 23:15:00,4.026,4.031,4.022,4.03,1046.0915,4212.1960782,0.004000000000000448,0.09935419771486458,0.008999999999999453,0.2235469448584067,bullish,5m
DOTUSDT,candle5m,SPOT,2025-06-10 21:25:15.637198,2025-06-08 23:20:00,4.03,4.035,4.021,4.024,1027.8741,4141.2442764,-0.006000000000000227,-0.14888337468983193,0.014000000000000234,0.34739454094293387,bearish,5m
DOTUSDT,candle5m,SPOT,2025-06-10 21:25:15.637200,2025-06-08 23:25:00,4.024,4.025,4.019,4.025,822.342,3306.8638814,0.001000000000000334,0.024850894632215056,0.006000000000000227,0.1491053677932462,bullish,5m
DOTUSDT,candle5m,SPOT,2025-06-10 21:25:15.637202,2025-06-08 23:30:00,4.025,4.03,4.022,4.026,1110.329,4469.7390546,0.0009999999999994458,0.024844720496880635,0.008000000000000007,0.1987577639751554,bullish,5m
DOTUSDT,candle5m,SPOT,2025-06-10 21:25:15.637205,2025-06-08 23:35:00,4.026,4.028,4.019,4.021,1185.4978,4769.7337431,-0.004999999999999893,-0.12419274714356417,0.008999999999999453,0.2235469448584067,bearish,5m
DOTUSDT,candle5m,SPOT,2025-06-10 21:25:15.637207,2025-06-08 23:40:00,4.021,4.025,4.021,4.023,1187.1663,4775.4814384,0.0019999999999997797,0.04973887092762447,0.004000000000000448,0.09947774185527102,bullish,5m
DOTUSDT,candle5m,SPOT,2025-06-10 21:25:15.637209,2025-06-08 23:45:00,4.023,4.025,4.021,4.023,777.2153,3127.0068553,0.0,0.0,0.004000000000000448,0.09942828734776157,doji,5m
DOTUSDT,candle5m,SPOT,2025-06-10 21:25:15.637211,2025-06-08 23:50:00,4.023,4.027,4.02,4.027,1568.9319,6311.1586496,0.004000000000000448,0.09942828734776157,0.007000000000000561,0.17399950285857724,bullish,5m
DOTUSDT,candle5m,SPOT,2025-06-10 21:25:15.637214,2025-06-08 23:55:00,4.027,4.027,4.02,4.025,1679.9729,6761.1810035,-0.0019999999999997797,-0.049664762850751915,0.007000000000000561,0.1738266699776648,bearish,5m
DOTUSDT,candle5m,SPOT,2025-06-10 21:25:15.637216,2025-06-09 00:00:00,4.025,4.029,4.023,4.025,2122.384,8543.8834212,0.0,0.0,0.006000000000000227,0.1490683229813721,doji,5m
DOTUSDT,candle5m,SPOT,2025-06-10 21:25:15.637218,2025-06-09 00:05:00,4.025,4.026,4.015,4.022,1551.3856,6235.1032339,-0.0030000000000001137,-0.07453416149068605,0.01100000000000012,0.27329192546584147,bearish,5m
DOTUSDT,candle5m,SPOT,2025-06-10 21:25:15.637220,2025-06-09 00:10:00,4.022,4.028,4.019,4.022,1248.4516,5023.9284737,0.0,0.0,0.008999999999999453,0.22376926902037425,doji,5m
DOTUSDT,candle5m,SPOT,2025-06-10 21:25:15.637223,2025-06-09 00:15:00,4.022,4.03,4.019,4.023,2682.6164,10792.6452604,0.0009999999999994458,0.024863252113362648,0.01100000000000012,0.27349577324714375,bullish,5m
DOTUSDT,candle5m,SPOT,2025-06-10 21:25:15.637225,2025-06-09 00:20:00,4.023,4.024,4.013,4.016,6125.0466,24610.469313,-0.006999999999999673,-0.17399950285855514,0.01100000000000012,0.2734277902063167,bearish,5m
DOTUSDT,candle5m,SPOT,2025-06-10 21:25:15.637227,2025-06-09 00:25:00,4.016,4.027,4.012,4.024,3200.8799,12864.5320608,0.008000000000000007,0.19920318725099617,0.015000000000000568,0.3735059760956317,bullish,5m
DOTUSDT,candle5m,SPOT,2025-06-10 21:25:15.637229,2025-06-09 00:30:00,4.024,4.038,4.023,4.035,4716.8366,19010.262492,0.01100000000000012,0.27335984095427734,0.015000000000000568,0.37276341948311553,bullish,5m
DOTUSDT,candle5m,SPOT,2025-06-10 21:25:15.637231,2025-06-09 00:35:00,4.035,4.042,4.028,4.03,3505.194,14138.9714886,-0.004999999999999893,-0.12391573729863428,0.014000000000000234,0.3469640644361892,bearish,5m
DOTUSDT,candle5m,SPOT,2025-06-10 21:25:15.637233,2025-06-09 00:40:00,4.03,4.037,4.027,4.028,1903.2849,7671.7927476,-0.002000000000000668,-0.049627791563292,0.009999999999999787,0.24813895781637188,bearish,5m
DOTUSDT,candle5m,SPOT,2025-06-10 21:25:15.637235,2025-06-09 00:45:00,4.028,4.029,4.016,4.02,1633.6107,6568.9742517,-0.008000000000000007,-0.19860973187686218,0.0129999999999999,0.32274081429989826,bearish,5m
DOTUSDT,candle5m,SPOT,2025-06-10 21:25:15.637238,2025-06-09 00:50:00,4.02,4.023,4.011,4.022,1628.6539,6543.3876584,0.002000000000000668,0.04975124378111115,0.011999999999999567,0.2985074626865564,bullish,5m
DOTUSDT,candle5m,SPOT,2025-06-10 21:25:15.637240,2025-06-09 00:55:00,4.022,4.026,4.019,4.025,1389.1934,5587.6404083,0.0030000000000001137,0.07458975634013211,0.006999999999999673,0.17404276479362688,bullish,5m
ETHUSDT,candle5m,SPOT,2025-06-10 21:25:10.870810,2025-06-08 20:50:00,2532.45,2532.69,2529.46,2531.45,122.9161,311228.179132,-1.0,-0.03948745286185315,3.230000000000018,0.12754447274378639,bearish,5m
ETHUSDT,candle5m,SPOT,2025-06-10 21:25:10.870822,2025-06-08 20:55:00,2531.45,2531.82,2529.22,2531.16,207.6437,525495.221435,-0.2899999999999636,-0.011455884967112273,2.600000000000364,0.1027079341879304,bearish,5m
ETHUSDT,candle5m,SPOT,2025-06-10 21:25:10.870825,2025-06-08 21:00:00,2531.16,2534.61,2531.15,2534.6,166.1478,420743.311903,3.4400000000000546,0.13590606678361125,3.4600000000000364,0.13669621833467804,bullish,5m
ETHUSDT,candle5m,SPOT,2025-06-10 21:25:10.870827,2025-06-08 21:05:00,2534.6,2535.76,2533.74,2535.27,147.4705,373879.556182,0.6700000000000728,0.026434151345382816,2.0200000000004366,0.07969699360847615,bullish,5m
ETHUSDT,candle5m,SPOT,2025-06-10 21:25:10.870829,2025-06-08 21:10:00,2535.27,2535.79,2535.06,2535.38,174.4681,442335.410237,0.11000000000012733,0.004338788373629923,0.7300000000000182,0.028793777388602323,bullish,5m
ETHUSDT,candle5m,SPOT,2025-06-10 21:25:10.870831,2025-06-08 21:15:00,2535.38,2535.8,2532.65,2535.8,126.8525,321500.544176,0.42000000000007276,0.016565564136345353,3.150000000000091,0.12424173102257219,bullish,5m
ETHUSDT,candle5m,SPOT,2025-06-10 21:25:10.870832,2025-06-08 21:20:00,2535.8,2536.57,2534.47,2534.55,155.6521,394588.173044,-1.25,-0.04929410836816783,2.100000000000364,0.0828141020585363,bearish,5m
ETHUSDT,candle5m,SPOT,2025-06-10 21:25:10.870835,2025-06-08 21:25:00,2534.55,2535.0,2534.2,2534.59,99.7525,252837.207409,0.03999999999996362,0.0015781894221839623,0.8000000000001819,0.03156378844371513,bullish,5m
ETHUSDT,candle5m,SPOT,2025-06-10 21:25:10.870836,2025-06-08 21:30:00,2534.59,2534.6,2532.63,2532.92,76.463,193710.936217,-1.6700000000000728,-0.06588836853298059,1.9699999999998,0.07772460240116941,bearish,5m
ETHUSDT,candle5m,SPOT,2025-06-10 21:25:10.870838,2025-06-08 21:35:00,2532.92,2533.29,2532.24,2533.21,184.2155,466532.876631,0.2899999999999636,0.011449236454367434,1.050000000000182,0.041454131989963436,bullish,5m
ETHUSDT,candle5m,SPOT,2025-06-10 21:25:10.870840,2025-06-08 21:40:00,2533.21,2535.33,2533.2,2535.0,120.4637,305286.366688,1.7899999999999636,0.07066133482814152,2.130000000000109,0.08408304088488949,bullish,5m
ETHUSDT,candle5m,SPOT,2025-06-10 21:25:10.870842,2025-06-08 21:45:00,2535.0,2539.52,2535.0,2539.07,85.1086,215893.684221,4.070000000000164,0.16055226824458238,4.519999999999982,0.17830374753451605,bullish,5m
ETHUSDT,candle5m,SPOT,2025-06-10 21:25:10.870844,2025-06-08 21:50:00,2539.07,2548.22,2539.05,2544.31,920.0923,2341575.68643,5.239999999999782,0.2063747750160406,9.169999999999618,0.361155856278071,bullish,5m
ETHUSDT,candle5m,SPOT,2025-06-10 21:25:10.870845,2025-06-08 21:55:00,2544.31,2544.7,2537.33,2538.26,570.5434,1450281.943084,-6.049999999999727,-0.23778548997566046,7.369999999999891,0.28966596051581334,bearish,5m
ETHUSDT,candle5m,SPOT,2025-06-10 21:25:10.870847,2025-06-08 22:00:00,2538.26,2540.04,2532.68,2534.27,564.025,1430160.522562,-3.9900000000002365,-0.1571942984564322,7.360000000000127,0.2899624151978176,bearish,5m
ETHUSDT,candle5m,SPOT,2025-06-10 21:25:10.870849,2025-06-08 22:05:00,2534.27,2535.74,2524.73,2526.21,1205.9363,3053434.35965,-8.059999999999945,-0.31804030351935453,11.009999999999764,0.43444463297122105,bearish,5m
ETHUSDT,candle5m,SPOT,2025-06-10 21:25:10.870850,2025-06-08 22:10:00,2526.21,2529.99,2519.19,2520.27,2615.8267,6606587.887313,-5.940000000000055,-0.2351348462716898,10.799999999999727,0.42751790231214853,bearish,5m
ETHUSDT,candle5m,SPOT,2025-06-10 21:25:10.870855,2025-06-08 22:15:00,2520.27,2524.96,2520.24,2523.27,843.9185,2128614.394861,3.0,0.1190348653120499,4.720000000000255,0.18728152142430196,bullish,5m
ETHUSDT,candle5m,SPOT,2025-06-10 21:25:10.870857,2025-06-08 22:20:00,2523.27,2527.91,2523.26,2526.69,380.6122,961280.508178,3.4200000000000728,0.13553840849374316,4.649999999999636,0.18428467821515876,bullish,5m
ETHUSDT,candle5m,SPOT,2025-06-10 21:25:10.870858,2025-06-08 22:25:00,2526.69,2526.7,2515.79,2518.55,526.9679,1327623.866949,-8.139999999999873,-0.32216061329248435,10.909999999999854,0.43179020774213905,bearish,5m
ETHUSDT,candle5m,SPOT,2025-06-10 21:25:10.870860,2025-06-08 22:30:00,2518.55,2520.86,2513.3,2516.39,2049.554,5159591.9252,-2.1600000000003092,-0.08576363383694224,7.559999999999945,0.30017271842925275,bearish,5m
ETHUSDT,candle5m,SPOT,2025-06-10 21:25:10.870862,2025-06-08 22:35:00,2516.39,2516.49,2502.42,2506.98,3717.4397,9323261.115378,-9.409999999999854,-0.3739483943267878,14.069999999999709,0.5591343154280422,bearish,5m
ETHUSDT,candle5m,SPOT,2025-06-10 21:25:10.870864,2025-06-08 22:40:00,2506.98,2513.74,2506.35,2512.96,1012.1246,2539169.942625,5.980000000000018,0.23853401303560534,7.389999999999873,0.29477698266439595,bullish,5m
ETHUSDT,candle5m,SPOT,2025-06-10 21:25:10.870865,2025-06-08 22:45:00,2512.96,2514.1,2503.0,2506.35,891.5819,2236828.679219,-6.610000000000127,-0.2630364192028575,11.099999999999909,0.44171017445561844,bearish,5m
ETHUSDT,candle5m,SPOT,2025-06-10 21:25:10.870867,2025-06-08 22:50:00,2506.35,2507.46,2501.48,2507.09,1435.3308,3595242.727411,0.7400000000002365,0.029525006483541266,5.980000000000018,0.23859397131286603,bullish,5m
ETHUSDT,candle5m,SPOT,2025-06-10 21:25:10.870869,2025-06-08 22:55:00,2507.09,2508.68,2506.15,2508.32,307.2083,770245.303538,1.2300000000000182,0.04906086339142265,2.5299999999997453,0.10091380843925608,bullish,5m
ETHUSDT,candle5m,SPOT,2025-06-10 21:25:10.870871,2025-06-08 23:00:00,2508.32,2508.32,2501.47,2502.33,470.4092,1178517.092609,-5.9900000000002365,-0.23880525610768308,6.850000000000364,0.2730911526440153,bearish,5m
ETHUSDT,candle5m,SPOT,2025-06-10 21:25:10.870874,2025-06-08 23:05:00,2502.33,2508.24,2502.33,2507.03,878.9471,2202783.134934,4.700000000000273,0.1878249471492678,5.9099999999998545,0.23617988035150658,bullish,5m
ETHUSDT,candle5m,SPOT,2025-06-10 21:25:10.870876,2025-06-08 23:10:00,2507.03,2510.84,2504.62,2510.02,210.9612,528922.377479,2.9899999999997817,0.11926462786643086,6.220000000000255,0.2481023362305299,bullish,5m
ETHUSDT,candle5m,SPOT,2025-06-10 21:25:10.870878,2025-06-08 23:15:00,2510.02,2512.37,2507.0,2512.37,334.5029,839800.865101,2.349999999999909,0.09362475199400438,5.369999999999891,0.21394251838630332,bullish,5m
ETHUSDT,candle5m,SPOT,2025-06-10 21:25:10.870880,2025-06-08 23:20:00,2512.37,2514.04,2506.73,2507.81,494.7674,1242948.339938,-4.559999999999945,-0.1815019284579877,7.309999999999945,0.29096032829559126,bearish,5m
ETHUSDT,candle5m,SPOT,2025-06-10 21:25:10.870881,2025-06-08 23:25:00,2507.81,2509.64,2505.32,2509.64,164.3756,412130.477342,1.8299999999999272,0.07297203536152769,4.319999999999709,0.17226185396819174,bullish,5m
ETHUSDT,candle5m,SPOT,2025-06-10 21:25:10.870883,2025-06-08 23:30:00,2509.64,2512.74,2509.07,2510.14,656.7331,1648923.305578,0.5,0.019923176232447683,3.669999999999618,0.1462361135461508,bullish,5m
ETHUSDT,candle5m,SPOT,2025-06-10 21:25:10.870886,2025-06-08 23:35:00,2510.14,2511.21,2507.72,2508.21,286.4967,718944.672413,-1.9299999999998363,-0.07688814169726932,3.4900000000002365,0.13903606970130097,bearish,5m
ETHUSDT,candle5m,SPOT,2025-06-10 21:25:10.870887,2025-06-08 23:40:00,2508.21,2509.67,2506.63,2508.26,519.5546,1303064.208215,0.0500000000001819,0.0019934534987174875,3.0399999999999636,0.12120197272158088,bullish,5m
ETHUSDT,candle5m,SPOT,2025-06-10 21:25:10.870889,2025-06-08 23:45:00,2508.26,2510.15,2507.83,2508.47,86.04,215844.423552,0.20999999999958163,0.008372337795905592,2.3200000000001637,0.09249439850733829,bullish,5m
ETHUSDT,candle5m,SPOT,2025-06-10 21:25:10.870891,2025-06-08 23:50:00,2508.47,2509.95,2507.1,2509.16,167.472,420159.286253,0.6900000000000546,0.027506806938095915,2.849999999999909,0.11361507213560094,bullish,5m
ETHUSDT,candle5m,SPOT,2025-06-10 21:25:10.870896,2025-06-08 23:55:00,2509.16,2511.0,2506.77,2510.54,175.7251,440915.917715,1.3800000000001091,0.054998485548953,4.230000000000018,0.16858231440003899,bullish,5m
ETHUSDT,candle5m,SPOT,2025-06-10 21:25:10.870898,2025-06-09 00:00:00,2510.54,2512.43,2508.86,2510.81,175.0656,439538.793847,0.2699999999999818,0.01075465836035203,3.569999999999709,0.14220048276465258,bullish,5m
ETHUSDT,candle5m,SPOT,2025-06-10 21:25:10.870900,2025-06-09 00:05:00,2510.81,2511.85,2505.0,2508.53,393.3061,986519.392615,-2.2799999999997453,-0.09080734902281516,6.849999999999909,0.2728203249150636,bearish,5m
ETHUSDT,candle5m,SPOT,2025-06-10 21:25:10.870901,2025-06-09 00:10:00,2508.53,2511.25,2507.49,2508.18,273.1546,685400.571351,-0.3500000000003638,-0.013952394430218645,3.7600000000002183,0.1498885801644875,bearish,5m
ETHUSDT,candle5m,SPOT,2025-06-10 21:25:10.870903,2025-06-09 00:15:00,2508.18,2510.75,2506.28,2508.03,173.2865,434682.568319,-0.1499999999996362,-0.005980432026395084,4.4699999999998,0.17821687438699776,bearish,5m
ETHUSDT,candle5m,SPOT,2025-06-10 21:25:10.870905,2025-06-09 00:20:00,2508.03,2509.05,2502.34,2504.44,400.0126,1001966.507925,-3.5900000000001455,-0.14314023356977967,6.710000000000036,0.26754065940200217,bearish,5m
ETHUSDT,candle5m,SPOT,2025-06-10 21:25:10.870907,2025-06-09 00:25:00,2504.44,2509.4,2501.06,2506.65,1485.2621,3719818.879321,2.2100000000000364,0.08824327993483719,8.340000000000146,0.33300857676766643,bullish,5m
ETHUSDT,candle5m,SPOT,2025-06-10 21:25:10.870908,2025-06-09 00:30:00,2506.65,2510.7,2505.91,2509.9,457.9589,1148530.466049,3.25,0.1296551173877486,4.789999999999964,0.1910916960884034,bullish,5m
ETHUSDT,candle5m,SPOT,2025-06-10 21:25:10.870910,2025-06-09 00:35:00,2509.9,2511.34,2501.78,2501.78,214.1657,537319.450561,-8.11999999999989,-0.32351886529343366,9.559999999999945,0.3808916689907943,bearish,5m
ETHUSDT,candle5m,SPOT,2025-06-10 21:25:10.870912,2025-06-09 00:40:00,2501.78,2505.81,2501.78,2504.01,300.6255,752727.107334,2.230000000000018,0.08913653478723221,4.029999999999745,0.1610853072612198,bullish,5m
ETHUSDT,candle5m,SPOT,2025-06-10 21:25:10.870915,2025-06-09 00:45:00,2504.01,2504.02,2495.59,2502.11,1883.8849,4709682.260103,-1.900000000000091,-0.07587829122088534,8.429999999999836,0.3366599973642212,bearish,5m
ETHUSDT,candle5m,SPOT,2025-06-10 21:25:10.870917,2025-06-09 00:50:00,2502.11,2503.66,2499.64,2503.66,514.2452,1286362.647711,1.5499999999997272,0.06194771612757741,4.019999999999982,0.16066439924703477,bullish,5m
ETHUSDT,candle5m,SPOT,2025-06-10 21:25:10.870919,2025-06-09 00:55:00,2503.66,2505.51,2503.1,2505.5,199.394,499292.048151,1.8400000000001455,0.07349240711598802,2.4100000000003092,0.09625907671170643,bullish,5m
LINKUSDT,candle5m,SPOT,2025-06-10 21:25:04.402028,2025-06-08 20:50:00,13.93,13.93,13.89,13.9,173.3726,2411.304275,-0.02999999999999936,-0.21536252692031127,0.03999999999999915,0.2871500358937484,bearish,5m
LINKUSDT,candle5m,SPOT,2025-06-10 21:25:04.402052,2025-06-08 20:55:00,13.9,13.91,13.88,13.9,279.4538,3883.639182,0.0,0.0,0.02999999999999936,0.21582733812949179,doji,5m
LINKUSDT,candle5m,SPOT,2025-06-10 21:25:04.402058,2025-06-08 21:00:00,13.9,13.94,13.9,13.93,804.2875,11201.744001,0.02999999999999936,0.21582733812949179,0.03999999999999915,0.2877697841726557,bullish,5m
LINKUSDT,candle5m,SPOT,2025-06-10 21:25:04.402062,2025-06-08 21:05:00,13.93,13.95,13.93,13.94,792.6565,11050.39752,0.009999999999999787,0.0717875089734371,0.019999999999999574,0.1435750179468742,bullish,5m
LINKUSDT,candle5m,SPOT,2025-06-10 21:25:04.402065,2025-06-08 21:10:00,13.94,13.95,13.93,13.94,782.7925,10909.654384,0.0,0.0,0.019999999999999574,0.1434720229555206,doji,5m
LINKUSDT,candle5m,SPOT,2025-06-10 21:25:04.402068,2025-06-08 21:15:00,13.94,13.95,13.92,13.94,838.5745,11683.327332,0.0,0.0,0.02999999999999936,0.21520803443328096,doji,5m
LINKUSDT,candle5m,SPOT,2025-06-10 21:25:04.402071,2025-06-08 21:20:00,13.94,13.95,13.93,13.94,1095.1132,15267.456507,0.0,0.0,0.019999999999999574,0.1434720229555206,doji,5m
LINKUSDT,candle5m,SPOT,2025-06-10 21:25:04.402074,2025-06-08 21:25:00,13.94,13.95,13.93,13.95,913.6216,12740.815286,0.009999999999999787,0.0717360114777603,0.019999999999999574,0.1434720229555206,bullish,5m
LINKUSDT,candle5m,SPOT,2025-06-10 21:25:04.402077,2025-06-08 21:30:00,13.95,13.95,13.92,13.93,255.2703,3558.057442,-0.019999999999999574,-0.14336917562723708,0.02999999999999936,0.21505376344085567,bearish,5m
LINKUSDT,candle5m,SPOT,2025-06-10 21:25:04.402080,2025-06-08 21:35:00,13.93,13.93,13.89,13.91,194.6265,2707.473314,-0.019999999999999574,-0.1435750179468742,0.03999999999999915,0.2871500358937484,bearish,5m
LINKUSDT,candle5m,SPOT,2025-06-10 21:25:04.402083,2025-06-08 21:40:00,13.91,13.93,13.9,13.92,141.5741,1970.308489,0.009999999999999787,0.07189072609633204,0.02999999999999936,0.2156721782889961,bullish,5m
LINKUSDT,candle5m,SPOT,2025-06-10 21:25:04.402086,2025-06-08 21:45:00,13.92,13.94,13.92,13.93,126.9753,1768.563685,0.009999999999999787,0.07183908045976858,0.019999999999999574,0.14367816091953717,bullish,5m
LINKUSDT,candle5m,SPOT,2025-06-10 21:25:04.402089,2025-06-08 21:50:00,13.93,13.98,13.93,13.95,324.8639,4533.657372,0.019999999999999574,0.1435750179468742,0.05000000000000071,0.3589375448671982,bullish,5m
LINKUSDT,candle5m,SPOT,2025-06-10 21:25:04.402091,2025-06-08 21:55:00,13.95,13.97,13.92,13.94,316.7391,4413.296427,-0.009999999999999787,-0.07168458781361854,0.05000000000000071,0.35842293906810546,bearish,5m
LINKUSDT,candle5m,SPOT,2025-06-10 21:25:04.402094,2025-06-08 22:00:00,13.94,13.94,13.9,13.91,616.5613,8581.664897,-0.02999999999999936,-0.21520803443328096,0.03999999999999915,0.2869440459110412,bearish,5m
LINKUSDT,candle5m,SPOT,2025-06-10 21:25:04.402097,2025-06-08 22:05:00,13.91,13.91,13.86,13.88,1327.5536,18452.509531,-0.02999999999999936,-0.2156721782889961,0.05000000000000071,0.359453630481673,bearish,5m
LINKUSDT,candle5m,SPOT,2025-06-10 21:25:04.402100,2025-06-08 22:10:00,13.88,13.88,13.85,13.85,1622.4332,22497.505642,-0.030000000000001137,-0.21613832853026754,0.030000000000001137,0.21613832853026754,bearish,5m
LINKUSDT,candle5m,SPOT,2025-06-10 21:25:04.402103,2025-06-08 22:15:00,13.85,13.88,13.85,13.87,1115.1495,15464.281577,0.019999999999999574,0.14440433212996084,0.030000000000001137,0.21660649819495403,bullish,5m
LINKUSDT,candle5m,SPOT,2025-06-10 21:25:04.402106,2025-06-08 22:20:00,13.87,13.89,13.86,13.89,740.043,10269.17093,0.02000000000000135,0.14419610670512872,0.030000000000001137,0.21629416005768667,bullish,5m
LINKUSDT,candle5m,SPOT,2025-06-10 21:25:04.402108,2025-06-08 22:25:00,13.89,13.89,13.83,13.85,852.4432,11801.977878,-0.040000000000000924,-0.28797696184305915,0.0600000000000005,0.43196544276458243,bearish,5m
LINKUSDT,candle5m,SPOT,2025-06-10 21:25:04.402111,2025-06-08 22:30:00,13.85,13.85,13.81,13.82,876.7533,12121.737604,-0.02999999999999936,-0.21660649819494124,0.03999999999999915,0.2888086642599217,bearish,5m
LINKUSDT,candle5m,SPOT,2025-06-10 21:25:04.402114,2025-06-08 22:35:00,13.82,13.82,13.79,13.81,1779.2628,24554.793472,-0.009999999999999787,-0.07235890014471626,0.030000000000001137,0.2170767004341616,bearish,5m
LINKUSDT,candle5m,SPOT,2025-06-10 21:25:04.402117,2025-06-08 22:40:00,13.81,13.82,13.79,13.81,1253.878,17309.946261,0.0,0.0,0.030000000000001137,0.21723388848661213,doji,5m
LINKUSDT,candle5m,SPOT,2025-06-10 21:25:04.402119,2025-06-08 22:45:00,13.81,13.82,13.75,13.77,2037.7572,28069.38672,-0.040000000000000924,-0.2896451846488119,0.07000000000000028,0.5068790731354111,bearish,5m
LINKUSDT,candle5m,SPOT,2025-06-10 21:25:04.402122,2025-06-08 22:50:00,13.77,13.77,13.72,13.74,2599.3566,35728.302373,-0.02999999999999936,-0.21786492374727207,0.049999999999998934,0.3631082062454534,bearish,5m
LINKUSDT,candle5m,SPOT,2025-06-10 21:25:04.402125,2025-06-08 22:55:00,13.74,13.75,13.73,13.74,2199.0586,30214.954025,0.0,0.0,0.019999999999999574,0.14556040756913807,doji,5m
LINKUSDT,candle5m,SPOT,2025-06-10 21:25:04.402128,2025-06-08 23:00:00,13.74,13.74,13.71,13.72,2100.7772,28828.220113,-0.019999999999999574,-0.14556040756913807,0.02999999999999936,0.21834061135370714,bearish,5m
LINKUSDT,candle5m,SPOT,2025-06-10 21:25:04.402131,2025-06-08 23:05:00,13.72,13.74,13.71,13.72,1246.8349,17109.627478,0.0,0.0,0.02999999999999936,0.21865889212827522,doji,5m
LINKUSDT,candle5m,SPOT,2025-06-10 21:25:04.402133,2025-06-08 23:10:00,13.72,13.73,13.7,13.72,1777.6945,24386.097701,0.0,0.0,0.030000000000001137,0.21865889212828818,doji,5m
LINKUSDT,candle5m,SPOT,2025-06-10 21:25:04.402136,2025-06-08 23:15:00,13.72,13.75,13.7,13.74,2687.834,36887.534415,0.019999999999999574,0.14577259475218346,0.05000000000000071,0.3644314868804716,bullish,5m
LINKUSDT,candle5m,SPOT,2025-06-10 21:25:04.402139,2025-06-08 23:20:00,13.74,13.76,13.7,13.7,918.3807,12605.125052,-0.040000000000000924,-0.29112081513828914,0.0600000000000005,0.4366812227074272,bearish,5m
LINKUSDT,candle5m,SPOT,2025-06-10 21:25:04.402145,2025-06-08 23:25:00,13.7,13.71,13.68,13.7,1165.6113,15961.355159,0.0,0.0,0.030000000000001137,0.21897810218978933,doji,5m
LINKUSDT,candle5m,SPOT,2025-06-10 21:25:04.402148,2025-06-08 23:30:00,13.7,13.72,13.68,13.7,1628.6664,22316.932386,0.0,0.0,0.040000000000000924,0.2919708029197148,doji,5m
LINKUSDT,candle5m,SPOT,2025-06-10 21:25:04.402151,2025-06-08 23:35:00,13.7,13.7,13.67,13.68,1291.742,17679.691067,-0.019999999999999574,-0.1459854014598509,0.02999999999999936,0.21897810218977637,bearish,5m
LINKUSDT,candle5m,SPOT,2025-06-10 21:25:04.402154,2025-06-08 23:40:00,13.68,13.69,13.67,13.68,1423.7962,19480.302776,0.0,0.0,0.019999999999999574,0.1461988304093536,doji,5m
LINKUSDT,candle5m,SPOT,2025-06-10 21:25:04.402156,2025-06-08 23:45:00,13.68,13.69,13.67,13.67,1253.7478,17148.832298,-0.009999999999999787,-0.0730994152046768,0.019999999999999574,0.1461988304093536,bearish,5m
LINKUSDT,candle5m,SPOT,2025-06-10 21:25:04.402159,2025-06-08 23:50:00,13.67,13.69,13.66,13.69,616.9454,8437.901672,0.019999999999999574,0.14630577907827047,0.02999999999999936,0.2194586686174057,bullish,5m
LINKUSDT,candle5m,SPOT,2025-06-10 21:25:04.402161,2025-06-08 23:55:00,13.69,13.72,13.68,13.72,1967.7551,26978.086336,0.030000000000001137,0.21913805697590313,0.040000000000000924,0.2921840759678665,bullish,5m
LINKUSDT,candle5m,SPOT,2025-06-10 21:25:04.402164,2025-06-09 00:00:00,13.72,13.78,13.71,13.76,2182.4234,30003.669999,0.03999999999999915,0.2915451895043669,0.06999999999999851,0.5102040816326422,bullish,5m
LINKUSDT,candle5m,SPOT,2025-06-10 21:25:04.402167,2025-06-09 00:05:00,13.76,13.77,13.73,13.73,2436.591,33490.529964,-0.02999999999999936,-0.21802325581394885,0.03999999999999915,0.29069767441859845,bearish,5m
LINKUSDT,candle5m,SPOT,2025-06-10 21:25:04.402170,2025-06-09 00:10:00,13.73,13.75,13.72,13.73,2183.1579,30000.347687,0.0,0.0,0.02999999999999936,0.2184996358339356,doji,5m
LINKUSDT,candle5m,SPOT,2025-06-10 21:25:04.402173,2025-06-09 00:15:00,13.73,13.76,13.73,13.74,321.9866,4425.386243,0.009999999999999787,0.0728332119446452,0.02999999999999936,0.2184996358339356,bullish,5m
LINKUSDT,candle5m,SPOT,2025-06-10 21:25:04.402176,2025-06-09 00:20:00,13.74,13.74,13.7,13.72,827.592,11349.184033,-0.019999999999999574,-0.14556040756913807,0.040000000000000924,0.29112081513828914,bearish,5m
LINKUSDT,candle5m,SPOT,2025-06-10 21:25:04.402178,2025-06-09 00:25:00,13.72,13.76,13.69,13.74,636.5507,8731.401793,0.019999999999999574,0.14577259475218346,0.07000000000000028,0.5102040816326551,bullish,5m
LINKUSDT,candle5m,SPOT,2025-06-10 21:25:04.402181,2025-06-09 00:30:00,13.74,13.79,13.73,13.79,1228.059,16900.074985,0.049999999999998934,0.3639010189228452,0.05999999999999872,0.4366812227074143,bullish,5m
LINKUSDT,candle5m,SPOT,2025-06-10 21:25:04.402183,2025-06-09 00:35:00,13.79,13.8,13.73,13.73,913.7603,12587.86248,-0.05999999999999872,-0.4350978970268217,0.07000000000000028,0.5076142131979716,bearish,5m
LINKUSDT,candle5m,SPOT,2025-06-10 21:25:04.402186,2025-06-09 00:40:00,13.73,13.75,13.72,13.73,561.6271,7712.781639,0.0,0.0,0.02999999999999936,0.2184996358339356,doji,5m
LINKUSDT,candle5m,SPOT,2025-06-10 21:25:04.402189,2025-06-09 00:45:00,13.73,13.74,13.69,13.74,751.4935,10305.484473,0.009999999999999787,0.0728332119446452,0.05000000000000071,0.36416605972323896,bullish,5m
LINKUSDT,candle5m,SPOT,2025-06-10 21:25:04.402191,2025-06-09 00:50:00,13.74,13.74,13.71,13.74,1498.4402,20564.201547,0.0,0.0,0.02999999999999936,0.21834061135370714,doji,5m
LINKUSDT,candle5m,SPOT,2025-06-10 21:25:04.402194,2025-06-09 00:55:00,13.74,13.75,13.73,13.75,688.1525,9456.539608,0.009999999999999787,0.07278020378456904,0.019999999999999574,0.14556040756913807,bullish,5m
SOLUSDT,candle5m,SPOT,2025-06-10 21:25:14.019938,2025-06-08 20:50:00,154.04,154.27,153.92,154.16,7588.4539,1169449.917561,0.12000000000000455,0.07790184367696998,0.35000000000002274,0.22721371072450194,bullish,5m
SOLUSDT,candle5m,SPOT,2025-06-10 21:25:14.019955,2025-06-08 20:55:00,154.16,154.26,154.04,154.25,2185.3802,336887.575975,0.09000000000000341,0.05838090295796797,0.21999999999999886,0.14270887389724887,bullish,5m
SOLUSDT,candle5m,SPOT,2025-06-10 21:25:14.019959,2025-06-08 21:00:00,154.25,154.41,154.25,154.32,972.9761,150141.837127,0.06999999999999318,0.04538087520258877,0.1599999999999966,0.10372771474878224,bullish,5m
SOLUSDT,candle5m,SPOT,2025-06-10 21:25:14.019962,2025-06-08 21:05:00,154.32,154.4,154.25,154.35,670.5252,103472.742444,0.030000000000001137,0.019440124416797006,0.15000000000000568,0.09720062208398503,bullish,5m
SOLUSDT,candle5m,SPOT,2025-06-10 21:25:14.019965,2025-06-08 21:10:00,154.35,154.38,154.07,154.08,2522.3709,388901.33302,-0.2699999999999818,-0.17492711370261213,0.3100000000000023,0.20084224165856968,bearish,5m
SOLUSDT,candle5m,SPOT,2025-06-10 21:25:14.019970,2025-06-08 21:15:00,154.08,154.24,153.97,154.23,2220.2369,342088.680769,0.14999999999997726,0.09735202492210361,0.27000000000001023,0.1752336448598197,bullish,5m
SOLUSDT,candle5m,SPOT,2025-06-10 21:25:14.019973,2025-06-08 21:20:00,154.23,154.25,154.1,154.13,865.3228,133372.574686,-0.09999999999999432,-0.06483822861959043,0.15000000000000568,0.09725734292939486,bearish,5m
SOLUSDT,candle5m,SPOT,2025-06-10 21:25:14.019976,2025-06-08 21:25:00,154.13,154.23,154.13,154.23,537.3671,82857.310819,0.09999999999999432,0.06488029585414541,0.09999999999999432,0.06488029585414541,bullish,5m
SOLUSDT,candle5m,SPOT,2025-06-10 21:25:14.019979,2025-06-08 21:30:00,154.23,154.25,154.21,154.21,1191.0543,183689.166641,-0.01999999999998181,-0.01296764572390703,0.03999999999999204,0.025935291447832486,bearish,5m
SOLUSDT,candle5m,SPOT,2025-06-10 21:25:14.019982,2025-06-08 21:35:00,154.21,154.35,154.03,154.31,1025.0318,158034.090636,0.09999999999999432,0.06484663770183147,0.3199999999999932,0.20750924064586806,bullish,5m
SOLUSDT,candle5m,SPOT,2025-06-10 21:25:14.019984,2025-06-08 21:40:00,154.31,154.65,154.3,154.6,1614.2178,249328.244678,0.28999999999999204,0.18793338085671185,0.3499999999999943,0.2268161493098272,bullish,5m
SOLUSDT,candle5m,SPOT,2025-06-10 21:25:14.019987,2025-06-08 21:45:00,154.6,154.73,154.48,154.73,969.359,149822.496415,0.12999999999999545,0.08408796895213161,0.25,0.16170763260025875,bullish,5m
SOLUSDT,candle5m,SPOT,2025-06-10 21:25:14.019989,2025-06-08 21:50:00,154.73,155.24,154.73,154.96,3309.9387,512829.495919,0.2300000000000182,0.14864602856590073,0.5100000000000193,0.3296064111678533,bullish,5m
SOLUSDT,candle5m,SPOT,2025-06-10 21:25:14.019992,2025-06-08 21:55:00,154.96,155.04,154.39,154.39,2288.9725,354347.515934,-0.5700000000000216,-0.36783686112546565,0.6500000000000057,0.4194630872483258,bearish,5m
SOLUSDT,candle5m,SPOT,2025-06-10 21:25:14.019994,2025-06-08 22:00:00,154.39,154.5,154.01,154.09,2600.9881,401130.340023,-0.29999999999998295,-0.19431310318024675,0.4900000000000091,0.3173780685277603,bearish,5m
SOLUSDT,candle5m,SPOT,2025-06-10 21:25:14.019997,2025-06-08 22:05:00,154.09,154.27,153.94,153.97,3082.0554,475160.964949,-0.12000000000000455,-0.07787656564345807,0.3300000000000125,0.2141605555195097,bearish,5m
SOLUSDT,candle5m,SPOT,2025-06-10 21:25:14.019999,2025-06-08 22:10:00,153.97,154.13,153.78,153.79,3324.7022,511759.095886,-0.18000000000000682,-0.1169058907579443,0.3499999999999943,0.2273170098071016,bearish,5m
SOLUSDT,candle5m,SPOT,2025-06-10 21:25:14.020002,2025-06-08 22:15:00,153.79,154.15,153.79,154.13,2476.2458,381430.994462,0.3400000000000034,0.22108069445347772,0.36000000000001364,0.2340854411860418,bullish,5m
SOLUSDT,candle5m,SPOT,2025-06-10 21:25:14.020004,2025-06-08 22:20:00,154.13,154.28,154.11,154.17,663.9996,102364.213485,0.03999999999999204,0.02595211834165448,0.1699999999999875,0.11029650295204536,bullish,5m
SOLUSDT,candle5m,SPOT,2025-06-10 21:25:14.020007,2025-06-08 22:25:00,154.17,154.17,153.64,153.71,3134.1514,481951.916984,-0.45999999999997954,-0.298371927093455,0.5300000000000011,0.34377635078160546,bearish,5m
SOLUSDT,candle5m,SPOT,2025-06-10 21:25:14.020009,2025-06-08 22:30:00,153.71,153.79,153.46,153.56,2696.3608,414069.329764,-0.15000000000000568,-0.09758636393208359,0.3299999999999841,0.21469000065056537,bearish,5m
SOLUSDT,candle5m,SPOT,2025-06-10 21:25:14.020011,2025-06-08 22:35:00,153.56,153.56,153.09,153.19,4274.292,654757.744105,-0.37000000000000455,-0.24094816358426968,0.46999999999999886,0.30606928887731105,bearish,5m
SOLUSDT,candle5m,SPOT,2025-06-10 21:25:14.020014,2025-06-08 22:40:00,153.19,153.48,153.16,153.48,1700.6421,260692.77787,0.28999999999999204,0.189307396044123,0.3199999999999932,0.20889091977282667,bullish,5m
SOLUSDT,candle5m,SPOT,2025-06-10 21:25:14.020016,2025-06-08 22:45:00,153.48,153.6,153.11,153.21,2581.4637,395921.161875,-0.2699999999999818,-0.17591868647379583,0.4899999999999807,0.31925983841541616,bearish,5m
SOLUSDT,candle5m,SPOT,2025-06-10 21:25:14.020019,2025-06-08 22:50:00,153.21,153.21,152.96,152.98,2527.0207,386836.173173,-0.2300000000000182,-0.15012074929836053,0.25,0.16317472749820505,bearish,5m
SOLUSDT,candle5m,SPOT,2025-06-10 21:25:14.020021,2025-06-08 22:55:00,152.98,153.05,152.81,152.92,2993.425,457882.091382,-0.060000000000002274,-0.039220813178194716,0.2400000000000091,0.15688325271277886,bearish,5m
SOLUSDT,candle5m,SPOT,2025-06-10 21:25:14.020024,2025-06-08 23:00:00,152.92,152.99,152.68,152.71,2619.6457,400445.578147,-0.20999999999997954,-0.13732670677477082,0.3100000000000023,0.20272037666754006,bearish,5m
SOLUSDT,candle5m,SPOT,2025-06-10 21:25:14.020026,2025-06-08 23:05:00,152.71,152.89,152.56,152.63,3235.4541,494203.168922,-0.0800000000000125,-0.05238687708729782,0.3299999999999841,0.2160958679850593,bearish,5m
SOLUSDT,candle5m,SPOT,2025-06-10 21:25:14.020029,2025-06-08 23:10:00,152.63,152.63,152.44,152.59,3193.9145,487198.342544,-0.03999999999999204,-0.026207167660349893,0.18999999999999773,0.12448404638668528,bearish,5m
SOLUSDT,candle5m,SPOT,2025-06-10 21:25:14.020031,2025-06-08 23:15:00,152.59,152.77,152.4,152.66,4876.9122,744292.464754,0.06999999999999318,0.04587456582999749,0.37000000000000455,0.24247984795858477,bullish,5m
SOLUSDT,candle5m,SPOT,2025-06-10 21:25:14.020033,2025-06-08 23:20:00,152.66,152.84,152.35,152.39,1956.2103,298556.092458,-0.27000000000001023,-0.1768636184986311,0.4900000000000091,0.3209747150530651,bearish,5m
SOLUSDT,candle5m,SPOT,2025-06-10 21:25:14.020036,2025-06-08 23:25:00,152.39,152.56,152.21,152.56,1630.6812,248371.913324,0.17000000000001592,0.11155587636985101,0.3499999999999943,0.22967386311437388,bullish,5m
SOLUSDT,candle5m,SPOT,2025-06-10 21:25:14.020038,2025-06-08 23:30:00,152.56,152.8,152.5,152.59,1363.0314,208079.332898,0.030000000000001137,0.019664394336655178,0.30000000000001137,0.19664394336655175,bullish,5m
SOLUSDT,candle5m,SPOT,2025-06-10 21:25:14.020041,2025-06-08 23:35:00,152.59,152.65,152.44,152.52,842.7625,128551.679726,-0.06999999999999318,-0.04587456582999749,0.21000000000000796,0.1376236974900111,bearish,5m
SOLUSDT,candle5m,SPOT,2025-06-10 21:25:14.020043,2025-06-08 23:40:00,152.52,152.65,152.41,152.49,1105.3889,168577.134308,-0.030000000000001137,-0.019669551534225765,0.2400000000000091,0.15735641227380612,bearish,5m
SOLUSDT,candle5m,SPOT,2025-06-10 21:25:14.020048,2025-06-08 23:45:00,152.49,152.56,152.42,152.45,396.7443,60500.200832,-0.040000000000020464,-0.026231228277277502,0.14000000000001478,0.09180929897043398,bearish,5m
SOLUSDT,candle5m,SPOT,2025-06-10 21:25:14.020051,2025-06-08 23:50:00,152.45,152.45,152.35,152.37,691.6483,105391.736647,-0.07999999999998408,-0.052476221712026296,0.09999999999999432,0.0655952771400422,bearish,5m
SOLUSDT,candle5m,SPOT,2025-06-10 21:25:14.020053,2025-06-08 23:55:00,152.37,152.52,152.13,152.45,1135.1185,172942.8465,0.07999999999998408,0.05250377370872487,0.3900000000000148,0.2559558968300944,bullish,5m
SOLUSDT,candle5m,SPOT,2025-06-10 21:25:14.020056,2025-06-09 00:00:00,152.45,152.71,152.38,152.64,1788.2273,272784.526798,0.18999999999999773,0.12463102656608575,0.3300000000000125,0.21646441456215976,bullish,5m
SOLUSDT,candle5m,SPOT,2025-06-10 21:25:14.020061,2025-06-09 00:05:00,152.64,152.7,152.04,152.38,3604.9842,549211.354807,-0.2599999999999909,-0.1703354297693861,0.6599999999999966,0.4323899371069161,bearish,5m
SOLUSDT,candle5m,SPOT,2025-06-10 21:25:14.020063,2025-06-09 00:10:00,152.38,152.54,152.2,152.23,2269.8711,345789.185862,-0.15000000000000568,-0.09843811523822397,0.3400000000000034,0.2231263945399681,bearish,5m
SOLUSDT,candle5m,SPOT,2025-06-10 21:25:14.020066,2025-06-09 00:15:00,152.23,152.62,152.15,152.37,1560.932,237882.969445,0.14000000000001478,0.09196610392170715,0.46999999999999886,0.3087433488799835,bullish,5m
SOLUSDT,candle5m,SPOT,2025-06-10 21:25:14.020069,2025-06-09 00:20:00,152.37,152.44,151.98,152.16,1672.7965,254614.208023,-0.21000000000000796,-0.13782240598543544,0.46000000000000796,0.3018966988252333,bearish,5m
SOLUSDT,candle5m,SPOT,2025-06-10 21:25:14.020071,2025-06-09 00:25:00,152.16,152.51,151.84,152.24,2340.2549,356064.760745,0.0800000000000125,0.05257623554154344,0.6699999999999875,0.44032597266034934,bullish,5m
SOLUSDT,candle5m,SPOT,2025-06-10 21:25:14.020073,2025-06-09 00:30:00,152.24,152.84,152.22,152.76,2152.248,328112.959632,0.5199999999999818,0.3415659485023527,0.6200000000000045,0.40725170782974546,bullish,5m
SOLUSDT,candle5m,SPOT,2025-06-10 21:25:14.020076,2025-06-09 00:35:00,152.76,153.14,152.46,152.46,3914.6867,598407.789709,-0.29999999999998295,-0.1963864886095725,0.6799999999999784,0.44514270751504215,bearish,5m
SOLUSDT,candle5m,SPOT,2025-06-10 21:25:14.020078,2025-06-09 00:40:00,152.46,152.77,152.43,152.53,1944.2244,296659.910932,0.06999999999999318,0.04591368227731416,0.3400000000000034,0.22300931391840703,bullish,5m
SOLUSDT,candle5m,SPOT,2025-06-10 21:25:14.020081,2025-06-09 00:45:00,152.53,152.54,152.09,152.39,3266.0941,497349.851886,-0.14000000000001478,-0.09178522257917444,0.44999999999998863,0.2950239297187364,bearish,5m
SOLUSDT,candle5m,SPOT,2025-06-10 21:25:14.020083,2025-06-09 00:50:00,152.39,152.39,151.92,152.25,1999.8027,304287.108654,-0.13999999999998636,-0.09186954524574209,0.46999999999999886,0.3084191876107349,bearish,5m
SOLUSDT,candle5m,SPOT,2025-06-10 21:25:14.020088,2025-06-09 00:55:00,152.25,152.44,152.2,152.33,1397.7517,212867.791478,0.0800000000000125,0.052545155993440076,0.2400000000000091,0.15763546798030154,bullish,5m
TRXUSDT,candle5m,SPOT,2025-06-10 21:25:06.017166,2025-06-08 20:50:00,0.283,0.283,0.2827,0.2828,52023.701,14716.22185863,-0.00019999999999997797,-0.07067137809186501,0.00029999999999996696,0.10600706713779753,bearish,5m
TRXUSDT,candle5m,SPOT,2025-06-10 21:25:06.017178,2025-06-08 20:55:00,0.2828,0.2829,0.2828,0.2829,42821.8513,12112.05331306,9.999999999998899e-05,0.03536067892503146,9.999999999998899e-05,0.03536067892503146,bullish,5m
TRXUSDT,candle5m,SPOT,2025-06-10 21:25:06.017180,2025-06-08 21:00:00,0.2829,0.2829,0.2827,0.2827,27178.7119,7686.01681868,-0.00019999999999997797,-0.07069635913749664,0.00019999999999997797,0.07069635913749664,bearish,5m
TRXUSDT,candle5m,SPOT,2025-06-10 21:25:06.017182,2025-06-08 21:05:00,0.2827,0.2828,0.2819,0.2821,83538.6996,23581.62687871,-0.0005999999999999894,-0.21223912274495557,0.0009000000000000119,0.31835868411744317,bearish,5m
TRXUSDT,candle5m,SPOT,2025-06-10 21:25:06.017183,2025-06-08 21:10:00,0.2821,0.2825,0.282,0.2824,202433.5217,57135.42522129,0.00029999999999996696,0.1063452676355785,0.0005000000000000004,0.17724211272598384,bullish,5m
TRXUSDT,candle5m,SPOT,2025-06-10 21:25:06.017185,2025-06-08 21:15:00,0.2824,0.2825,0.282,0.2823,50411.8941,14225.60466466,-9.999999999998899e-05,-0.03541076487251735,0.0005000000000000004,0.17705382436260642,bearish,5m
TRXUSDT,candle5m,SPOT,2025-06-10 21:25:06.017186,2025-06-08 21:20:00,0.2823,0.2823,0.2822,0.2822,73754.8986,20817.35195169,-9.999999999998899e-05,-0.035423308537013455,9.999999999998899e-05,0.035423308537013455,bearish,5m
TRXUSDT,candle5m,SPOT,2025-06-10 21:25:06.017187,2025-06-08 21:25:00,0.2822,0.2824,0.2822,0.2823,19007.0528,5365.40762465,9.999999999998899e-05,0.03543586109142062,0.00019999999999997797,0.07087172218284124,bullish,5m
TRXUSDT,candle5m,SPOT,2025-06-10 21:25:06.017189,2025-06-08 21:30:00,0.2823,0.2824,0.282,0.2822,51281.5106,14469.9447991,-9.999999999998899e-05,-0.035423308537013455,0.00040000000000001146,0.14169323414807347,bearish,5m
TRXUSDT,candle5m,SPOT,2025-06-10 21:25:06.017190,2025-06-08 21:35:00,0.2822,0.2822,0.282,0.2821,49746.8166,14031.92404982,-9.999999999998899e-05,-0.03543586109142062,0.00020000000000003348,0.0708717221828609,bearish,5m
TRXUSDT,candle5m,SPOT,2025-06-10 21:25:06.017192,2025-06-08 21:40:00,0.2821,0.2821,0.2819,0.2821,17650.8702,4977.44406207,0.0,0.0,0.00020000000000003348,0.07089684509040534,doji,5m
TRXUSDT,candle5m,SPOT,2025-06-10 21:25:06.017193,2025-06-08 21:45:00,0.2821,0.2821,0.2819,0.282,42276.207,11921.91170952,-0.0001000000000000445,-0.03544842254521251,0.00020000000000003348,0.07089684509040534,bearish,5m
TRXUSDT,candle5m,SPOT,2025-06-10 21:25:06.017194,2025-06-08 21:50:00,0.282,0.2823,0.2819,0.2822,29065.4806,8199.39247733,0.00020000000000003348,0.07092198581561471,0.00040000000000001146,0.14184397163120976,bullish,5m
TRXUSDT,candle5m,SPOT,2025-06-10 21:25:06.017195,2025-06-08 21:55:00,0.2822,0.2823,0.2819,0.2819,41855.2409,11810.08773237,-0.00030000000000002247,-0.10630758327428151,0.00040000000000001146,0.14174344436570216,bearish,5m
TRXUSDT,candle5m,SPOT,2025-06-10 21:25:06.017197,2025-06-08 22:00:00,0.2819,0.2821,0.2816,0.2817,36081.2565,10167.59399541,-0.00019999999999997797,-0.07094714437743099,0.0005000000000000004,0.1773678609435972,bearish,5m
TRXUSDT,candle5m,SPOT,2025-06-10 21:25:06.017198,2025-06-08 22:05:00,0.2817,0.282,0.2815,0.2816,143793.6956,40521.79325397,-9.999999999998899e-05,-0.03549875754348207,0.0005000000000000004,0.17749378771743005,bearish,5m
TRXUSDT,candle5m,SPOT,2025-06-10 21:25:06.017199,2025-06-08 22:10:00,0.2816,0.2818,0.2815,0.2817,129502.5794,36470.35233632,9.999999999998899e-05,0.035511363636359726,0.00030000000000002247,0.10653409090909888,bullish,5m
TRXUSDT,candle5m,SPOT,2025-06-10 21:25:06.017201,2025-06-08 22:15:00,0.2817,0.282,0.2816,0.2819,92236.1502,25991.55918719,0.00019999999999997797,0.07099751508696414,0.00039999999999995595,0.14199503017392828,bullish,5m
TRXUSDT,candle5m,SPOT,2025-06-10 21:25:06.017202,2025-06-08 22:20:00,0.2819,0.2819,0.2816,0.2816,48694.2556,13717.98459294,-0.00029999999999996696,-0.1064207165661465,0.00029999999999996696,0.1064207165661465,bearish,5m
TRXUSDT,candle5m,SPOT,2025-06-10 21:25:06.017203,2025-06-08 22:25:00,0.2816,0.2817,0.2815,0.2817,27217.7523,7664.21784306,9.999999999998899e-05,0.035511363636359726,0.00020000000000003348,0.07102272727273916,bullish,5m
TRXUSDT,candle5m,SPOT,2025-06-10 21:25:06.017205,2025-06-08 22:30:00,0.2817,0.2821,0.2816,0.2821,165904.9065,46740.0184191,0.00040000000000001146,0.14199503017394796,0.0005000000000000004,0.17749378771743005,bullish,5m
TRXUSDT,candle5m,SPOT,2025-06-10 21:25:06.017206,2025-06-08 22:35:00,0.2821,0.2824,0.2819,0.2822,93623.3524,26415.56945035,9.999999999998899e-05,0.03544842254519283,0.0005000000000000004,0.17724211272598384,bullish,5m
TRXUSDT,candle5m,SPOT,2025-06-10 21:25:06.017208,2025-06-08 22:40:00,0.2822,0.2828,0.2821,0.2822,145993.2355,41214.28086167,0.0,0.0,0.0006999999999999784,0.248051027639964,doji,5m
TRXUSDT,candle5m,SPOT,2025-06-10 21:25:06.017209,2025-06-08 22:45:00,0.2822,0.2822,0.282,0.2821,214898.5607,60628.28667785,-9.999999999998899e-05,-0.03543586109142062,0.00020000000000003348,0.0708717221828609,bearish,5m
TRXUSDT,candle5m,SPOT,2025-06-10 21:25:06.017210,2025-06-08 22:50:00,0.2821,0.2821,0.2818,0.2821,83368.5398,23504.00014607,0.0,0.0,0.00030000000000002247,0.10634526763559818,doji,5m
TRXUSDT,candle5m,SPOT,2025-06-10 21:25:06.017211,2025-06-08 22:55:00,0.2821,0.2821,0.2818,0.2819,60337.4346,17016.65955989,-0.00020000000000003348,-0.07089684509040534,0.00030000000000002247,0.10634526763559818,bearish,5m
TRXUSDT,candle5m,SPOT,2025-06-10 21:25:06.017213,2025-06-08 23:00:00,0.2819,0.2819,0.2815,0.2817,44658.2409,12579.03268355,-0.00019999999999997797,-0.07094714437743099,0.00040000000000001146,0.1418942887548817,bearish,5m
TRXUSDT,candle5m,SPOT,2025-06-10 21:25:06.017214,2025-06-08 23:05:00,0.2817,0.2818,0.2816,0.2818,88630.2757,24965.43714957,9.999999999998899e-05,0.03549875754348207,0.00019999999999997797,0.07099751508696414,bullish,5m
TRXUSDT,candle5m,SPOT,2025-06-10 21:25:06.017215,2025-06-08 23:10:00,0.2818,0.2823,0.2817,0.2821,30165.3225,8507.15744354,0.00030000000000002247,0.10645848119234297,0.0005999999999999894,0.21291696238466626,bullish,5m
TRXUSDT,candle5m,SPOT,2025-06-10 21:25:06.017217,2025-06-08 23:15:00,0.2821,0.2822,0.282,0.2821,55622.0083,15689.41199979,0.0,0.0,0.00020000000000003348,0.07089684509040534,doji,5m
TRXUSDT,candle5m,SPOT,2025-06-10 21:25:06.017218,2025-06-08 23:20:00,0.2821,0.2821,0.2817,0.2818,46001.6041,12967.62042594,-0.00030000000000002247,-0.10634526763559818,0.00040000000000001146,0.14179369018079102,bearish,5m
TRXUSDT,candle5m,SPOT,2025-06-10 21:25:06.017219,2025-06-08 23:25:00,0.2818,0.282,0.2817,0.282,46078.5911,12988.87657227,0.00019999999999997797,0.07097232079488218,0.00029999999999996696,0.10645848119232326,bullish,5m
TRXUSDT,candle5m,SPOT,2025-06-10 21:25:06.017221,2025-06-08 23:30:00,0.282,0.2821,0.2817,0.2817,24370.0406,6869.00684762,-0.00029999999999996696,-0.10638297872339254,0.00040000000000001146,0.14184397163120976,bearish,5m
TRXUSDT,candle5m,SPOT,2025-06-10 21:25:06.017222,2025-06-08 23:35:00,0.2817,0.2819,0.2817,0.2819,50728.1487,14293.40048951,0.00019999999999997797,0.07099751508696414,0.00019999999999997797,0.07099751508696414,bullish,5m
TRXUSDT,candle5m,SPOT,2025-06-10 21:25:06.017223,2025-06-08 23:40:00,0.2819,0.282,0.2816,0.2819,35118.5871,9895.36356928,0.0,0.0,0.00039999999999995595,0.14189428875486199,doji,5m
TRXUSDT,candle5m,SPOT,2025-06-10 21:25:06.017224,2025-06-08 23:45:00,0.2819,0.2821,0.2817,0.2819,100899.5951,28442.03251514,0.0,0.0,0.00040000000000001146,0.1418942887548817,doji,5m
TRXUSDT,candle5m,SPOT,2025-06-10 21:25:06.017226,2025-06-08 23:50:00,0.2819,0.282,0.2817,0.2817,60214.5833,16970.52677879,-0.00019999999999997797,-0.07094714437743099,0.00029999999999996696,0.1064207165661465,bearish,5m
TRXUSDT,candle5m,SPOT,2025-06-10 21:25:06.017227,2025-06-08 23:55:00,0.2817,0.2818,0.2816,0.2818,34874.7096,9824.85411105,9.999999999998899e-05,0.03549875754348207,0.00019999999999997797,0.07099751508696414,bullish,5m
TRXUSDT,candle5m,SPOT,2025-06-10 21:25:06.017228,2025-06-09 00:00:00,0.2818,0.2819,0.2816,0.2817,55707.9324,15694.95653769,-9.999999999998899e-05,-0.03548616039744109,0.00029999999999996696,0.10645848119232326,bearish,5m
TRXUSDT,candle5m,SPOT,2025-06-10 21:25:06.017229,2025-06-09 00:05:00,0.2817,0.2818,0.2814,0.2818,74376.8568,20936.61929872,9.999999999998899e-05,0.03549875754348207,0.00040000000000001146,0.14199503017394796,bullish,5m
TRXUSDT,candle5m,SPOT,2025-06-10 21:25:06.017231,2025-06-09 00:10:00,0.2818,0.2821,0.2816,0.2817,111671.9683,31480.90658404,-9.999999999998899e-05,-0.03548616039744109,0.0005000000000000004,0.17743080198722513,bearish,5m
TRXUSDT,candle5m,SPOT,2025-06-10 21:25:06.017232,2025-06-09 00:15:00,0.2817,0.282,0.2816,0.2817,49567.2596,13964.18862199,0.0,0.0,0.00039999999999995595,0.14199503017392828,doji,5m
TRXUSDT,candle5m,SPOT,2025-06-10 21:25:06.017233,2025-06-09 00:20:00,0.2817,0.282,0.2816,0.2819,32131.4127,9053.17218885,0.00019999999999997797,0.07099751508696414,0.00039999999999995595,0.14199503017392828,bullish,5m
TRXUSDT,candle5m,SPOT,2025-06-10 21:25:06.017235,2025-06-09 00:25:00,0.2819,0.2823,0.2818,0.282,75436.2341,21275.50069955,9.999999999998899e-05,0.035473572188715496,0.0005000000000000004,0.1773678609435972,bullish,5m
TRXUSDT,candle5m,SPOT,2025-06-10 21:25:06.017236,2025-06-09 00:30:00,0.282,0.282,0.2818,0.2819,117563.7136,33139.56615388,-9.999999999998899e-05,-0.035460992907797514,0.00019999999999997797,0.07092198581559503,bearish,5m
TRXUSDT,candle5m,SPOT,2025-06-10 21:25:06.017237,2025-06-09 00:35:00,0.2819,0.282,0.2818,0.2819,57442.4656,16195.14606393,0.0,0.0,0.00019999999999997797,0.07094714437743099,doji,5m
TRXUSDT,candle5m,SPOT,2025-06-10 21:25:06.017239,2025-06-09 00:40:00,0.2819,0.2825,0.2819,0.2823,32037.424,9040.84066099,0.00040000000000001146,0.1418942887548817,0.0005999999999999894,0.21284143313231269,bullish,5m
TRXUSDT,candle5m,SPOT,2025-06-10 21:25:06.017240,2025-06-09 00:45:00,0.2823,0.2825,0.2821,0.2823,157560.3803,44469.27824881,0.0,0.0,0.00039999999999995595,0.14169323414805382,doji,5m
TRXUSDT,candle5m,SPOT,2025-06-10 21:25:06.017241,2025-06-09 00:50:00,0.2823,0.2823,0.2819,0.282,81090.1299,22872.77138801,-0.00030000000000002247,-0.10626992561106002,0.00040000000000001146,0.14169323414807347,bearish,5m
TRXUSDT,candle5m,SPOT,2025-06-10 21:25:06.017242,2025-06-09 00:55:00,0.282,0.2821,0.2819,0.2819,50738.9775,14306.8917923,-9.999999999998899e-05,-0.035460992907797514,0.00020000000000003348,0.07092198581561471,bearish,5m
XRPUSDT,candle5m,SPOT,2025-06-10 21:25:07.544097,2025-06-08 20:50:00,2.2834,2.2844,2.2808,2.2827,123609.934,282190.8385345,-0.0006999999999997009,-0.030656039239717128,0.0036000000000000476,0.15765963037575756,bearish,5m
XRPUSDT,candle5m,SPOT,2025-06-10 21:25:07.544116,2025-06-08 20:55:00,2.2827,2.2831,2.2795,2.281,66137.3869,150850.65573838,-0.0017000000000000348,-0.0744732115477301,0.0036000000000000476,0.157707977395192,bearish,5m
XRPUSDT,candle5m,SPOT,2025-06-10 21:25:07.544119,2025-06-08 21:00:00,2.281,2.2835,2.2803,2.2814,57087.1478,130289.3025886,0.00039999999999995595,0.017536168347214203,0.0032000000000000917,0.14028934677773308,bullish,5m
XRPUSDT,candle5m,SPOT,2025-06-10 21:25:07.544122,2025-06-08 21:05:00,2.2814,2.288,2.2807,2.2812,89790.8099,205062.6891327,-0.00019999999999997797,-0.008766546857191986,0.007299999999999862,0.3199789602875367,bearish,5m
XRPUSDT,candle5m,SPOT,2025-06-10 21:25:07.544124,2025-06-08 21:10:00,2.2812,2.2819,2.2763,2.2764,107235.4273,244359.60441446,-0.0047999999999999154,-0.21041557075223194,0.005599999999999827,0.24548483254426737,bearish,5m
XRPUSDT,candle5m,SPOT,2025-06-10 21:25:07.544127,2025-06-08 21:15:00,2.2764,2.2789,2.2754,2.278,122243.2201,278427.83087032,0.0015999999999998238,0.07028641714987803,0.0035000000000002807,0.15375153751538748,bullish,5m
XRPUSDT,candle5m,SPOT,2025-06-10 21:25:07.544129,2025-06-08 21:20:00,2.278,2.2826,2.2777,2.2815,71978.5927,164128.90613398,0.0034999999999998366,0.15364354697102006,0.0049000000000001265,0.21510096575944365,bullish,5m
XRPUSDT,candle5m,SPOT,2025-06-10 21:25:07.544132,2025-06-08 21:25:00,2.2815,2.2844,2.2811,2.2812,32753.7506,74777.64486244,-0.0002999999999997449,-0.01314924391846351,0.0033000000000003027,0.14464168310323486,bearish,5m
XRPUSDT,candle5m,SPOT,2025-06-10 21:25:07.544134,2025-06-08 21:30:00,2.2812,2.2822,2.2777,2.2778,35741.815,81490.17233054,-0.0034000000000000696,-0.14904436261616996,0.0045000000000001705,0.19726459758022838,bearish,5m
XRPUSDT,candle5m,SPOT,2025-06-10 21:25:07.544137,2025-06-08 21:35:00,2.2778,2.2796,2.2773,2.2794,22060.3116,50274.36482897,0.0015999999999998238,0.07024321713933725,0.0022999999999999687,0.10097462463780704,bullish,5m
XRPUSDT,candle5m,SPOT,2025-06-10 21:25:07.544139,2025-06-08 21:40:00,2.2794,2.2818,2.2786,2.2808,23515.3539,53607.52359973,0.00140000000000029,0.061419671843480295,0.0032000000000000917,0.14038782135650135,bullish,5m
XRPUSDT,candle5m,SPOT,2025-06-10 21:25:07.544142,2025-06-08 21:45:00,2.2808,2.2808,2.2787,2.2797,23783.421,54222.76385802,-0.001100000000000101,-0.048228691687131744,0.0020999999999999908,0.09207295685724266,bearish,5m
XRPUSDT,candle5m,SPOT,2025-06-10 21:25:07.544145,2025-06-08 21:50:00,2.2797,2.2818,2.2789,2.2795,33659.7602,76733.83596416,-0.00019999999999997797,-0.00877308417774172,0.0028999999999999027,0.12720972057726465,bearish,5m
XRPUSDT,candle5m,SPOT,2025-06-10 21:25:07.544147,2025-06-08 21:55:00,2.2795,2.2796,2.2729,2.2729,199904.6523,454938.22574371,-0.006600000000000161,-0.28953717920597327,0.006699999999999928,0.2939241061636292,bearish,5m
XRPUSDT,candle5m,SPOT,2025-06-10 21:25:07.544149,2025-06-08 22:00:00,2.2729,2.2745,2.2684,2.2704,207074.6464,470317.56376479,-0.0024999999999999467,-0.10999164063530938,0.006099999999999994,0.26837960315016035,bearish,5m
XRPUSDT,candle5m,SPOT,2025-06-10 21:25:07.544152,2025-06-08 22:05:00,2.2704,2.2714,2.266,2.2669,109328.9567,248076.63651784,-0.0034999999999998366,-0.15415785764622256,0.005399999999999849,0.23784355179703354,bearish,5m
XRPUSDT,candle5m,SPOT,2025-06-10 21:25:07.544154,2025-06-08 22:10:00,2.2669,2.2713,2.2659,2.2679,205135.6603,465395.90219013,0.0009999999999998899,0.044113106003788864,0.0054000000000002935,0.23821077242049907,bullish,5m
XRPUSDT,candle5m,SPOT,2025-06-10 21:25:07.544157,2025-06-08 22:15:00,2.2679,2.273,2.2679,2.2703,158775.1309,360622.04930983,0.0024000000000001798,0.1058247718153437,0.0051000000000001044,0.22487764010759312,bullish,5m
XRPUSDT,candle5m,SPOT,2025-06-10 21:25:07.544160,2025-06-08 22:20:00,2.2703,2.2724,2.2696,2.2704,75417.7813,171249.32789309,9.999999999976694e-05,0.004404704224101085,0.0028000000000001357,0.1233317182751238,bullish,5m
XRPUSDT,candle5m,SPOT,2025-06-10 21:25:07.544162,2025-06-08 22:25:00,2.2704,2.2705,2.2657,2.2674,101584.0241,230315.47974511,-0.0030000000000001137,-0.13213530655391623,0.0048000000000003595,0.21141649048627376,bearish,5m
XRPUSDT,candle5m,SPOT,2025-06-10 21:25:07.544165,2025-06-08 22:30:00,2.2674,2.2677,2.2647,2.2654,121580.4267,275518.6099471,-0.0019999999999997797,-0.08820675663754872,0.0030000000000001137,0.13231013495634267,bearish,5m
XRPUSDT,candle5m,SPOT,2025-06-10 21:25:07.544167,2025-06-08 22:35:00,2.2654,2.2654,2.2615,2.2624,251075.1724,568175.54367947,-0.0030000000000001137,-0.13242694446897296,0.0039000000000002366,0.17215502780966876,bearish,5m
XRPUSDT,candle5m,SPOT,2025-06-10 21:25:07.544169,2025-06-08 22:40:00,2.2624,2.2633,2.2594,2.2626,197517.7875,446679.12560708,0.00019999999999997797,0.008840169731257865,0.0039000000000002366,0.17238330975955785,bullish,5m
XRPUSDT,candle5m,SPOT,2025-06-10 21:25:07.544172,2025-06-08 22:45:00,2.2626,2.2627,2.2568,2.2575,105677.0771,238947.40463734,-0.0051000000000001044,-0.22540440201538514,0.005900000000000016,0.26076195527269586,bearish,5m
XRPUSDT,candle5m,SPOT,2025-06-10 21:25:07.544174,2025-06-08 22:50:00,2.2575,2.2605,2.2545,2.2593,171856.1617,388034.16468576,0.0018000000000002458,0.07973421926911389,0.005999999999999783,0.2657807308970004,bullish,5m
XRPUSDT,candle5m,SPOT,2025-06-10 21:25:07.544176,2025-06-08 22:55:00,2.2593,2.2607,2.2581,2.2585,105971.7804,239440.1885086,-0.0007999999999999119,-0.03540919753905687,0.0025999999999997137,0.11507989200193482,bearish,5m
XRPUSDT,candle5m,SPOT,2025-06-10 21:25:07.544179,2025-06-08 23:00:00,2.2585,2.2608,2.2567,2.2594,104762.4457,236661.57349941,0.0008999999999996788,0.039849457604590605,0.004100000000000215,0.1815364179765426,bullish,5m
XRPUSDT,candle5m,SPOT,2025-06-10 21:25:07.544181,2025-06-08 23:05:00,2.2594,2.2634,2.2557,2.256,152229.3178,343923.59126512,-0.0034000000000000696,-0.15048242896344471,0.007699999999999818,0.3407984420642568,bearish,5m
XRPUSDT,candle5m,SPOT,2025-06-10 21:25:07.544184,2025-06-08 23:10:00,2.256,2.2591,2.2548,2.2591,88436.0923,199559.56035649,0.0031000000000003247,0.1374113475177449,0.0043000000000001926,0.19060283687944118,bullish,5m
XRPUSDT,candle5m,SPOT,2025-06-10 21:25:07.544186,2025-06-08 23:15:00,2.2591,2.2635,2.2589,2.2629,78149.4133,176702.0229337,0.0038000000000000256,0.16820857863751162,0.0045999999999999375,0.20362091098224677,bullish,5m
XRPUSDT,candle5m,SPOT,2025-06-10 21:25:07.544189,2025-06-08 23:20:00,2.2629,2.2643,2.26,2.2609,91874.2294,207859.19130395,-0.002000000000000224,-0.08838216447921798,0.0043000000000001926,0.1900216536303059,bearish,5m
XRPUSDT,candle5m,SPOT,2025-06-10 21:25:07.544191,2025-06-08 23:25:00,2.2609,2.2623,2.2566,2.2592,64872.918,146547.94011067,-0.0017000000000000348,-0.07519129550179286,0.005700000000000038,0.25211199080012553,bearish,5m
XRPUSDT,candle5m,SPOT,2025-06-10 21:25:07.544193,2025-06-08 23:30:00,2.2592,2.2629,2.258,2.2609,57740.8443,130528.33090397,0.0017000000000000348,0.07524787535410919,0.0049000000000001265,0.21689093484419825,bullish,5m
XRPUSDT,candle5m,SPOT,2025-06-10 21:25:07.544196,2025-06-08 23:35:00,2.2609,2.2622,2.259,2.2596,46566.5129,105262.77519544,-0.0013000000000000789,-0.05749922597196156,0.0032000000000000917,0.1415365562386701,bearish,5m
XRPUSDT,candle5m,SPOT,2025-06-10 21:25:07.544198,2025-06-08 23:40:00,2.2596,2.2651,2.2596,2.2636,62693.298,141882.50693414,0.0040000000000000036,0.17702248185519576,0.00550000000000006,0.24340591255089666,bullish,5m
XRPUSDT,candle5m,SPOT,2025-06-10 21:25:07.544201,2025-06-08 23:45:00,2.2636,2.2649,2.2617,2.2632,44609.3286,100976.89726205,-0.00039999999999995595,-0.017670966601871178,0.0032000000000000917,0.14136773281498904,bearish,5m
XRPUSDT,candle5m,SPOT,2025-06-10 21:25:07.544203,2025-06-08 23:50:00,2.2632,2.2674,2.2618,2.2661,130271.8794,294972.04154012,0.0028999999999999027,0.12813715093672248,0.005599999999999827,0.24743725698125785,bullish,5m
XRPUSDT,candle5m,SPOT,2025-06-10 21:25:07.544205,2025-06-08 23:55:00,2.2661,2.2666,2.2626,2.2665,147514.0645,334049.314308,0.00040000000000040004,0.017651471691469932,0.0040000000000000036,0.17651471691452292,bullish,5m
XRPUSDT,candle5m,SPOT,2025-06-10 21:25:07.544208,2025-06-09 00:00:00,2.2665,2.2676,2.2626,2.267,111253.7318,252031.55014597,0.0004999999999997229,0.022060445620989317,0.004999999999999893,0.22060445621001074,bullish,5m
XRPUSDT,candle5m,SPOT,2025-06-10 21:25:07.544210,2025-06-09 00:05:00,2.267,2.267,2.2604,2.2621,105591.1664,238931.71542683,-0.004899999999999682,-0.21614468460519112,0.006599999999999717,0.2911336568151618,bearish,5m
XRPUSDT,candle5m,SPOT,2025-06-10 21:25:07.544213,2025-06-09 00:10:00,2.2621,2.2645,2.2613,2.2632,93755.0767,212143.99724984,0.0010999999999996568,0.048627381636517246,0.0032000000000000917,0.14146147385173474,bullish,5m
XRPUSDT,candle5m,SPOT,2025-06-10 21:25:07.544215,2025-06-09 00:15:00,2.2632,2.2637,2.2584,2.2595,47918.5967,108346.96279652,-0.0036999999999998145,-0.1634853305054708,0.005300000000000082,0.23418168964298705,bearish,5m
XRPUSDT,candle5m,SPOT,2025-06-10 21:25:07.544218,2025-06-09 00:20:00,2.2595,2.2624,2.2558,2.2609,77466.3338,174917.75070511,0.0013999999999998458,0.061960610754584894,0.006600000000000161,0.29210002212879665,bullish,5m
XRPUSDT,candle5m,SPOT,2025-06-10 21:25:07.544220,2025-06-09 00:25:00,2.2609,2.2643,2.2577,2.2597,104750.9236,236864.30835572,-0.0011999999999998678,-0.05307620858949391,0.006600000000000161,0.2919191472422558,bearish,5m
XRPUSDT,candle5m,SPOT,2025-06-10 21:25:07.544222,2025-06-09 00:30:00,2.2597,2.2638,2.2596,2.2614,45277.399,102389.44196231,0.0017000000000000348,0.07523122538390205,0.0041999999999999815,0.185865380360224,bullish,5m
XRPUSDT,candle5m,SPOT,2025-06-10 21:25:07.544225,2025-06-09 00:35:00,2.2614,2.2647,2.2584,2.2593,81834.8988,185160.53502846,-0.0020999999999999908,-0.09286282833642835,0.006299999999999972,0.27858848500928507,bearish,5m
XRPUSDT,candle5m,SPOT,2025-06-10 21:25:07.544227,2025-06-09 00:40:00,2.2593,2.2633,2.2585,2.2621,78602.7688,177714.2933262,0.0028000000000001357,0.12393219138671871,0.0047999999999999154,0.21245518523436085,bullish,5m
XRPUSDT,candle5m,SPOT,2025-06-10 21:25:07.544229,2025-06-09 00:45:00,2.2621,2.2647,2.2569,2.2645,60912.1228,137704.11421779,0.0023999999999997357,0.10609610538878632,0.007800000000000029,0.3448123425135948,bullish,5m
XRPUSDT,candle5m,SPOT,2025-06-10 21:25:07.544232,2025-06-09 00:50:00,2.2645,2.2646,2.2598,2.2607,47845.157,108205.01677935,-0.0038000000000000256,-0.16780746301611948,0.0048000000000003595,0.21196732170458643,bearish,5m
XRPUSDT,candle5m,SPOT,2025-06-10 21:25:07.544234,2025-06-09 00:55:00,2.2607,2.2607,2.2587,2.2596,29938.0635,67649.41740103,-0.001100000000000101,-0.048657495466010565,0.0019999999999997797,0.08846817357454681,bearish,5m
